####
#
# OBJ File Generated by Meshlab
#
####
# Object Lantern.obj
#
# Vertices: 542
# Faces: 1000
#
####
mtllib ./Lantern.obj.mtl

vn -0.2850606 0.6788254 0.6767101
v -2.0927382 16.0251713 0.8730503
vn 0.4262283 0.5030606 0.7518374
v 1.9766309 15.5911074 1.2013125
vn 0.3571765 0.3851160 0.8509470
v 2.4777617 16.0536938 0.7414781
vn 0.4911967 0.5129185 0.7040174
v 2.2823927 14.6655159 1.0106038
vn -0.4434890 0.2465557 0.8617005
v -3.1720262 14.1582155 1.4559007
vn 0.6204798 0.4141394 0.6659530
v 3.1936250 14.1791496 1.4564830
vn 0.5658219 -0.6026599 0.5627137
v 3.1982684 -14.1780672 1.4558063
vn 0.5751085 -0.6128711 0.5418849
v 2.2721529 -14.6488199 1.0541648
vn 0.4476960 -0.6961722 0.5611708
v 1.8940570 -15.4540138 1.4515475
vn 0.2010590 -0.2573526 0.9451693
v 2.6084578 -14.3491659 1.4652903
vn 0.4042755 -0.4944079 0.7694947
v 2.7442842 -15.4753685 0.8384790
vn 0.7637935 -0.6369372 0.1045487
v 3.8965611 -14.9131823 0.0000015
vn 0.5048060 0.3072312 0.8067093
v 3.8803616 14.8875160 0.9048832
vn 0.7399712 -0.2833130 0.6100627
v 3.8962994 -14.8457346 0.9036321
vn 0.5193478 -0.2256970 0.8242201
v 3.2393136 -14.2402134 0.9749271
vn 0.5139720 0.3134418 0.7984904
v 3.2624421 14.2711744 0.9567204
vn 0.5404677 0.8408349 -0.0298556
v 3.9469934 14.9925737 0.3363756
vn 0.1743597 0.9836095 0.0459465
v 3.4649000 15.0431004 0.8545000
vn 0.8623698 0.4947179 0.1075763
v 3.9428065 14.9046888 0.1029167
vn 0.3097768 0.6414757 0.7018172
v 2.9266460 15.2083492 0.9035655
vn -0.2436711 -0.2512938 0.9367368
v -2.4653869 -14.4533901 1.4598980
vn -0.6262040 -0.7747535 0.0873246
v -1.9052260 -15.5584402 1.4606640
vn -0.3576404 -0.9331495 0.0364064
v -2.8373549 -15.5384779 0.2995295
vn -0.5704626 -0.7008909 0.4281639
v -2.8320000 -15.3676004 0.8545000
vn -0.5439066 -0.6835936 0.4866883
v -2.9247000 -15.2827997 0.8545000
vn -0.4782263 -0.7622747 0.4361616
v -3.0283999 -15.2108002 0.8545000
vn -0.4219387 -0.8763674 0.2322667
v -3.1197000 -15.1587992 0.8545000
vn -0.3531405 -0.9344768 0.0452211
v -3.2172999 -15.1186008 0.8545000
vn -0.7189905 -0.6363321 -0.2795250
v -3.8636975 -14.9665642 0.0666180
vn -0.8803807 -0.4742634 0.0020464
v -3.9643443 -14.9728336 0.3868151
vn -0.3953525 -0.2887207 0.8719730
v -3.8751075 -14.8899250 0.9053636
vn -0.9588365 0.2407769 -0.1505295
v -3.9081016 14.8873844 0.0000000
vn -0.6150755 -0.1983354 0.7631155
v -3.2431893 -14.2402554 0.9752582
vn -0.4960293 0.3225593 0.8061702
v -3.2676287 14.2663364 0.9571677
vn -0.6005453 -0.5174087 0.6096177
v -3.1950259 -14.1847858 1.4558896
vn -0.2116699 0.2291397 0.9501005
v -2.6384022 14.3386736 1.4652940
vn -0.6180806 0.2785082 0.7351255
v -3.8869398 14.8844137 0.9036406
vn -0.3661146 0.9120372 -0.1847925
v -3.6979387 15.1064596 0.3018076
vn -0.0588283 0.9920603 -0.1111561
v -3.3178000 15.0839005 0.8545000
vn -0.0774972 0.9593542 -0.2713555
v -3.1836112 15.1678972 0.0581664
vn 0.3309844 0.8249559 0.4581452
v -2.9293792 15.2060118 0.9030590
vn -0.3630394 0.6105875 0.7038361
v -2.6273263 14.7156801 0.8294365
vn 0.7944496 0.5800511 0.1799742
v 2.2632840 14.6866217 1.4497555
vn -0.1873029 0.1811421 0.9654559
v -2.1295021 14.8037472 1.4652617
vn -0.3272354 0.3576502 0.8746447
v -1.9160234 15.5787725 1.4570034
vn 0.3066359 0.3509359 0.8847703
v 2.1109784 14.8464966 1.4652789
vn -0.5123101 0.4799023 0.7122023
v -2.2715635 14.6781874 1.4500421
vn 0.2855657 0.3734913 0.8825852
v 2.5888400 14.3579340 1.4652866
vn -0.6848129 0.6855267 -0.2471530
v -3.9084151 14.9811878 0.3257037
vn 0.7265051 -0.6592548 -0.1938388
v -2.6282001 -15.6587009 0.8545000
vn -0.3846034 -0.6465372 0.6588398
v -2.7632935 -15.3013659 0.9028080
vn -0.3409615 -0.6799251 0.6491897
v -2.1527419 -14.9613848 0.9739398
vn -0.3579279 -0.9153029 -0.1846839
v -2.3552511 -16.5341778 0.1490541
vn -0.6038882 -0.4179457 0.6787050
v -2.3742282 -16.3912334 0.9034450
vn -0.9419026 -0.3344486 0.0310449
v -2.5230999 -15.9696999 0.8545000
vn -0.6507797 -0.7584766 -0.0346297
v -2.7986341 -15.3419647 0.0475271
vn 0.6295994 -0.7601771 -0.1604224
v 2.6747611 -15.7007008 0.1551464
vn 0.4456699 -0.8626593 0.2391594
v 2.3728242 -16.3953495 0.9030891
vn -0.3185439 0.7052991 0.6333110
v -4.1512933 -16.4024639 23.8882828
vn -0.3616160 0.6932387 0.6234212
v -4.1283107 -16.2439079 23.8605919
vn 0.1203656 0.8898742 0.4400411
v 4.1250286 -16.2905025 23.8598843
vn -0.5320801 0.8296694 -0.1689363
v -6.5863600 -16.3120003 13.1584377
vn -0.5603612 0.7974818 0.2236472
v -6.5688429 -16.2425671 21.4177399
vn -0.1644515 0.8460121 0.5071680
v -4.3807836 -16.5743179 24.2438221
vn 0.2282234 0.7845743 0.5765044
v 4.3657255 -16.5794353 24.2627449
vn 0.6389492 0.7040354 -0.3099647
v 6.5994434 -16.4044533 13.1365995
vn -0.7388841 0.5844083 0.3354359
v -6.5998526 -16.4045677 21.4416351
vn 0.2465844 0.8228648 -0.5119471
v 4.1408324 -16.2952576 10.7228556
vn 0.5590928 0.7945127 -0.2369912
v 6.5720057 -16.2471676 13.1576233
vn 0.4485025 0.8909724 0.0708083
v 6.5718141 -16.2898674 21.4144478
vn -0.0539199 0.9898825 -0.1312450
v -4.1254511 -16.2531605 10.7472086
vn -0.5166469 0.8259097 0.2257193
v -7.0350113 -16.7264614 21.7083378
vn -0.5642375 0.8084354 -0.1675359
v -6.9578772 -16.5761490 12.9164400
vn -0.2204994 0.8005000 -0.5572969
v -4.3684564 -16.5595341 10.3365154
vn 0.4063883 0.9035872 -0.1355685
v 7.8221798 -17.4589252 12.3704729
vn -0.1468581 0.9149769 -0.3758325
v -4.9206891 -17.4461193 9.4768991
vn 0.1959212 0.8681437 -0.4560060
v 4.8838239 -17.4470196 9.4778557
vn 0.2983578 0.5420193 -0.7856194
v 5.3106642 -17.6440296 8.8563824
vn 0.7339730 0.6379368 -0.2330671
v 8.4341393 -17.6430130 11.9843655
vn 0.6056985 -0.7127840 -0.3536502
v 8.4401855 -18.5377846 11.9797535
vn 0.7676343 -0.5616457 0.3086935
v 8.4405575 -18.5370941 22.5991936
vn 0.5517899 0.8039895 0.2216502
v 8.4315166 -17.6429615 22.5992947
vn 0.3444552 0.4222455 0.8384864
v 5.3126178 -17.6436577 25.7220306
vn -0.3479694 0.6302946 0.6940072
v -5.3124018 -17.6443863 25.7222347
vn -0.7663073 -0.5636457 0.3083453
v -8.4394493 -18.5375328 22.6004601
vn -0.5201072 -0.8348644 -0.1802500
v -8.1495571 -18.5527153 12.1594553
vn 0.2661882 -0.7163330 -0.6449891
v 5.3101549 -18.5378323 8.8505154
vn 0.2638682 -0.8224894 -0.5038697
v 5.1300445 -18.5524845 9.1393557
vn 0.3890981 -0.9056468 0.1685422
v 8.1449499 -18.6296768 22.4029846
vn 0.2469058 -0.8041856 0.5406691
v 5.3073344 -18.5375957 25.7308826
vn -0.2318961 -0.7791710 0.5823373
v -5.1312752 -18.5529518 25.4378185
vn 0.1550488 -0.7727401 0.6154938
v 5.1307387 -18.5530262 25.4386501
vn 0.2780210 -0.6848832 0.6735275
v 5.1096015 -18.7103786 25.4113426
vn -0.1617553 -0.7409570 0.6517807
v -5.1043854 -18.7096138 25.4141903
vn -0.3589839 -0.9212953 0.1494843
v -8.1450033 -18.6273613 22.4074364
vn -0.5425940 -0.8146711 -0.2047018
v -8.1231976 -18.7092247 12.1792479
vn 0.1517432 -0.9054177 -0.3964756
v 5.1064429 -18.7103214 9.1664619
vn -0.1633764 -0.7501898 -0.6407210
v -4.6580834 -18.7409916 9.8880835
vn -0.1620733 -0.9119517 -0.3769301
v -5.1194830 -18.6290073 9.1522646
vn 0.2448870 -0.7666379 -0.5935459
v 4.6542702 -18.7410183 9.8855057
vn 0.5793637 -0.7920479 -0.1923483
v 7.3034825 -19.1950817 12.6975374
vn 0.6287856 -0.7276796 0.2740642
v 7.3344631 -19.1616497 21.8839417
vn -0.2193877 -0.8585358 0.4634495
v -4.6547122 -18.7418594 24.6916904
vn -0.6073524 -0.7264132 0.3216315
v -7.4022670 -18.7416229 21.9441967
vn 0.3145638 -0.5541009 -0.7707282
v 4.6309848 -19.1219006 9.9377327
vn -0.2344278 -0.8311486 -0.5042179
v -4.6247272 -19.1556492 9.9653053
vn -0.2832074 -0.9547244 -0.0910768
v -6.5719118 -19.3978310 13.1469803
vn -0.2529137 -0.8952020 0.3669443
v -2.9770648 -20.0373001 20.2337856
vn -0.2876287 -0.7319168 -0.6177115
v -2.2918835 -21.4297829 14.9054680
vn -0.4734097 -0.8510196 0.2272643
v -2.4175618 -21.4259472 19.5498676
vn 0.5053107 -0.7145284 0.4838495
v 2.3797505 -21.4292717 19.5500526
vn 0.3098142 -0.9006094 -0.3048243
v 2.3774683 -21.4200039 14.9440517
vn -0.3707486 -0.8883152 -0.2710011
v -2.9734485 -20.0554314 14.3248777
vn 0.0397804 -0.9740070 -0.2229975
v 2.4977927 -19.8540306 13.2755928
vn 0.4019067 -0.8036891 -0.4388108
v 2.8569417 -20.1776333 14.4386158
vn -0.6228545 -0.7550452 0.2048389
v -7.3498883 -19.1241493 21.9173698
vn 0.2440157 -0.9373055 0.2488269
v 2.9110196 -20.0493317 20.2794209
vn 0.1697483 -0.9034321 0.3936954
v 4.6297159 -18.9916267 24.6575165
vn -0.3192025 -0.7211642 0.6148431
v -4.6149106 -19.1610985 24.6144333
vn -0.5021966 -0.8383132 -0.2122017
v -7.4108725 -18.8800602 12.6199932
vn 0.6339155 -0.7574897 0.1560783
v 7.3999801 -18.7430477 21.9465942
vn 0.5580677 -0.7723431 -0.3033917
v 8.1196661 -18.7107887 12.1748991
vn 0.5379292 -0.7831243 -0.3120072
v 7.4007459 -18.7419739 12.6331701
vn -0.1783914 -0.7802156 0.5995334
v -5.3068247 -18.5380917 25.7303162
vn 0.5196385 -0.8341852 -0.1846915
v 8.1482191 -18.5529938 12.1607285
vn -0.4171937 0.5037413 -0.7564353
v -5.3119779 -17.6451588 8.8570833
vn -0.7372014 0.6333353 -0.2354160
v -8.4337521 -17.6446228 11.9832306
vn -0.5315974 0.8328447 -0.1541877
v -7.8069797 -17.4477158 12.3817015
vn -0.6090906 0.7545720 0.2441921
v -7.8351526 -17.6110630 22.2189636
vn -0.7870092 0.5255151 0.3231878
v -7.8093233 -17.3535652 22.1987228
vn 0.5436522 0.8191938 -0.1826575
v 6.9588451 -16.5758228 12.9180269
vn 0.5246525 0.8123686 0.2545526
v 6.9657764 -16.5786610 21.6641026
vn 0.2381996 0.8318596 -0.5012690
v 4.3879700 -16.5818577 10.3346548
vn 0.5002698 0.8434433 0.1957896
v 7.8130417 -17.4505596 22.1795254
vn 0.1439588 0.9179264 0.3697122
v 4.9383564 -17.4603386 25.1095009
vn -0.2531289 0.8348996 0.4887418
v -4.9057269 -17.4474049 25.0961838
vn -0.4939564 0.8471971 0.1956122
v -8.4324017 -17.6441231 22.6010113
vn -0.6253629 -0.6846365 -0.3744252
v -8.4402008 -18.5371513 11.9786777
vn -0.1984805 -0.6552024 -0.7289138
v -5.3095531 -18.5377064 8.8492537
vn -0.3678991 -0.9221140 0.1198170
v -7.6870270 2.7316949 22.1230946
vn -0.5780951 -0.7854956 0.2209136
v -7.8900642 2.8568821 22.2496452
vn -0.2779379 -0.7583131 0.5896709
v -4.9460092 2.8459060 25.1594086
vn 0.1592321 -0.7976856 0.5816724
v 4.9143324 2.7889843 25.0958061
vn -0.2972383 -0.7394082 -0.6040902
v -4.8491316 2.8231981 9.5873432
vn -0.2947749 -0.6268597 -0.7212175
v -4.8248382 2.6756122 9.6165085
vn 0.4318030 -0.8836820 -0.1806996
v 7.6724200 2.6736767 12.4641113
vn -0.1134132 -0.9499757 0.2910044
v -4.8252883 2.6757677 24.9636059
vn -0.5134318 -0.8028159 -0.3031079
v -7.6720357 2.6741652 12.4630060
vn -0.4848545 -0.8592834 -0.1629364
v -7.7005715 2.8232920 12.4406891
vn -0.4766995 -0.8579031 -0.1917286
v -7.9110546 2.8424385 12.3143644
vn -0.2567440 -0.8569109 -0.4469747
v -4.9763269 2.8427582 9.3784599
vn 0.2118208 -0.8287660 -0.5179566
v 4.9688773 2.8420796 9.3884020
vn -0.1739957 -0.7716576 -0.6117762
v -5.2862291 3.8507311 8.8645630
vn 0.3484577 -0.9353837 0.0602880
v 7.6942892 2.7349019 22.1181583
vn 0.5767921 -0.7867570 0.2198281
v 7.8901439 2.8552473 22.2659187
vn 0.5210937 -0.8299031 -0.1993048
v 7.7008777 2.8230982 12.4415083
vn 0.4795563 -0.8559094 -0.1935067
v 7.9113188 2.8426414 12.3154926
vn 0.1468019 -0.9175637 -0.3694943
v 5.4466195 4.0273471 8.5992231
vn -0.3393602 -0.9313858 0.1317391
v -8.8119526 4.0515971 22.7626514
vn -0.2176249 -0.9725153 0.0827847
v -9.5898924 4.1715488 23.3224220
vn -0.2091249 -0.9735833 -0.0916644
v -9.5765600 4.1531210 11.2740192
vn 0.2394983 -0.7060436 0.6664405
v 6.1865568 4.2449546 27.1138611
vn 0.1323021 -0.9648123 0.2272299
v 6.0117908 4.1450276 26.8593178
vn -0.0659541 -0.9728268 0.2219418
v -6.0293226 4.1430225 26.8527699
vn 0.2900448 -0.9500184 0.1154947
v 9.5679817 4.1058164 23.3085213
vn 0.6850199 -0.6416287 0.3450516
v 9.7381268 4.2358494 23.4140148
vn 0.8428713 -0.4142938 -0.3434074
v 9.8234015 4.2444363 11.1022654
vn 0.3161326 0.5926545 0.7408245
v 6.1771531 4.9060755 27.1084862
vn 0.1823017 0.8642392 0.4688890
v 5.8616757 4.9559112 26.6021442
vn -0.3985140 0.4813878 0.7806744
v -5.6420221 6.8214793 26.2329865
vn -0.1881050 0.6748363 0.7135912
v -5.8606567 4.9562564 26.6020451
vn -0.6210017 0.6998417 -0.3529568
v -9.3121891 4.9568386 11.4278784
vn -0.4409541 0.8791931 -0.1804965
v -9.8170500 4.9093285 11.1122284
vn -0.7968889 0.5651788 0.2134035
v -9.8184423 4.9071689 23.4682446
vn -0.5733325 0.7858952 0.2316431
v -9.3125200 4.9559674 23.1504898
vn -0.3003012 0.7901327 0.5343310
v -6.1789818 4.9086719 27.1059589
vn -0.2426963 -0.6108601 0.7536236
v -6.1828027 4.2432413 27.1145287
vn -0.7600704 -0.4963214 0.4194736
v -9.8226776 4.2437682 23.4794655
vn -0.7964378 -0.5234110 -0.3028659
v -9.8269625 4.2447882 11.1050596
vn -0.2091980 -0.6842191 -0.6986276
v -6.1821427 4.2440290 7.4639397
vn -0.4101082 0.5651918 -0.7158000
v -6.1846304 4.9064336 7.4737067
vn 0.2953409 0.6095579 -0.7356718
v 6.1796045 4.9076405 7.4719639
vn 0.1677117 0.7877011 -0.5927898
v 5.8598371 4.9561663 7.9762921
vn 0.6239809 0.6937411 -0.3596819
v 9.3117771 4.9567442 11.4275808
vn 0.7608100 0.6133669 -0.2120127
v 8.7543364 7.3493333 11.7779417
vn 0.5898649 0.7783867 0.2148803
v 8.6258411 7.5855851 22.7188339
vn -0.7173750 0.6337385 0.2893938
v -3.4360161 9.6561003 19.4655781
vn -0.3944054 0.8259143 -0.4028771
v -3.3019226 9.4385958 13.9944458
vn -0.1605502 0.9042663 -0.3956339
v -5.8595147 4.9566221 7.9766755
vn -0.7484417 0.6268541 -0.2165388
v -8.6497459 7.5633979 11.8614645
vn -0.5747119 0.7781218 0.2534419
v -8.6411438 7.5716543 22.7451420
vn 0.3071428 0.7567037 -0.5771160
v 5.4825435 7.5777640 8.6741600
vn -0.3113497 0.5735596 -0.7576877
v -5.4519930 7.4882679 8.5890017
vn -0.4990161 0.2774302 0.8209844
v -1.9081393 11.5404758 20.3342781
vn -0.9170095 0.3168997 -0.2422151
v -3.0165758 11.3956347 15.3730097
vn -0.9007881 0.2265182 0.3705001
v -3.0569811 11.5730972 19.2150936
vn -0.1345487 0.5874138 0.7980236
v -2.2629483 9.5302420 20.8681564
vn 0.2623474 0.9086156 0.3249485
v 3.6989403 9.2200003 20.9802685
vn 0.5861409 0.7939855 -0.1613252
v 3.6452262 9.4341078 15.0311947
vn 0.9105508 0.1644990 -0.3792589
v 2.9801350 11.5429821 15.2263298
vn 0.7682413 0.3310449 0.5479185
v 2.8290193 10.4867010 20.0747452
vn 0.9229979 0.1001559 0.3715424
v 3.0568008 11.5731134 19.2160206
vn 0.3620938 0.2475735 -0.8986632
v 1.9240937 11.5730743 14.2322693
vn 0.2987616 0.5375967 -0.7884994
v 2.1746237 9.6068401 13.7915344
vn -0.2192581 0.3089554 -0.9254580
v -1.6895709 11.4410458 14.1739473
vn 0.2885685 0.2004149 0.9362490
v 1.9084407 11.5405779 20.3306847
vn 0.2632564 0.6003238 0.7551870
v 5.4340577 7.5574064 25.9599266
vn -0.1363959 0.9059210 0.4008783
v -4.8684173 8.0100708 25.0360012
vn 0.5666847 0.7906007 0.2319892
v 9.3135691 4.9560370 23.1505737
vn 0.8308956 0.5095741 0.2234879
v 9.8187790 4.9082522 23.4656086
vn 0.4409937 0.8791518 -0.1806010
v 9.8166752 4.9090781 11.1099024
vn 0.2872558 -0.7263836 -0.6243805
v 6.1861329 4.2439337 7.4661322
vn 0.2462566 -0.9653826 -0.0859900
v 9.5692606 4.1453433 11.2742119
vn 0.0577131 -0.9722672 -0.2266401
v 6.0367317 4.1642165 7.7070055
vn -0.0844673 -0.9737688 -0.2112810
v -6.0220294 4.1423774 7.7212601
vn 0.6039426 -0.7581581 -0.2458651
v 8.4309082 3.8628731 11.9944582
vn 0.2189723 -0.8691040 0.4435194
v 5.3706646 3.9570808 25.9235954
vn -0.2225692 -0.7977301 0.5604370
v -5.4350767 3.9529903 25.9004040
vn 0.3262309 -0.9367506 0.1267748
v 8.8033829 4.0523381 22.7805595
vn -0.5420956 -0.8055354 -0.2392595
v -8.4830246 3.9428327 11.9695873
vn 0.1951537 -0.8581037 -0.4749454
v 4.8469720 2.7482152 9.5943451
vn -0.4203969 0.9012743 -0.1047432
v -3.4507122 11.8449154 15.3055849
vn 0.4557934 -0.2615212 0.8507991
v 1.9871383 11.2179480 20.7403221
vn 0.6351328 -0.7408918 0.2183707
v 3.1552677 11.1565275 19.7485542
vn 0.6648507 -0.3318617 -0.6692096
v 2.9133930 11.1648579 14.3429403
vn -0.2282995 -0.5772162 -0.7840286
v -2.2411883 11.1663322 14.0539370
vn -0.8295614 -0.3209583 -0.4569612
v -3.4485235 11.2154379 15.2993116
vn -0.7526633 -0.6188255 0.2248402
v -3.2483885 11.1564417 19.5326309
vn -0.3265846 -0.4550457 0.8284178
v -1.9750876 11.2157125 20.7462845
vn 0.2048777 0.5817022 0.7871771
v 1.9719534 11.8406610 20.7476196
vn -0.2598480 0.7340463 0.6274194
v -1.9828576 11.8407860 20.7426739
vn -0.8229446 0.2704884 0.4995982
v -3.4494977 11.8403196 19.2818966
vn -0.5002543 0.2580099 -0.8265449
v -1.9936206 11.8364105 13.8369360
vn 0.2344083 0.5178146 -0.8227521
v 1.9879217 11.8353558 13.8346653
vn 0.8333372 0.4970026 -0.2419453
v 3.4499652 11.8402395 15.2984982
vn 0.6946455 0.5658072 0.4442182
v 3.4514852 11.8400412 19.2786140
vn 0.5340162 0.8395488 0.0999234
v 1.5144551 -14.0388031 17.5111656
vn 0.2406486 0.9381846 -0.2487929
v 0.4056796 -14.0374575 15.8047142
vn -0.1016458 0.9941629 -0.0361710
v -1.4844165 -14.0374470 16.8877640
vn -0.4992058 0.7824644 0.3722137
v -1.2075919 -14.0369196 18.2569351
vn 0.1590748 0.9146081 0.3717353
v -0.1012827 -14.0388184 18.8161240
vn 0.5048053 0.7521898 0.4235352
v 1.7646261 -15.2602701 19.4040527
vn 0.1564062 0.8922755 0.4235346
v 1.2364835 -14.0371866 18.2099628
vn -0.3113825 0.6065245 0.7315525
v -0.9601923 -15.7448530 20.0685863
vn -0.1749815 0.9038766 0.3903697
v -0.5817328 -14.0463676 18.7149410
vn -0.8101175 0.5838824 0.0528301
v -2.6942043 -15.4074717 17.7375526
vn -0.3063639 0.5897204 -0.7472423
v -0.5866284 -14.0352325 15.6806126
vn 0.6138745 0.7282166 -0.3047275
v 2.3319786 -15.0233240 16.1434689
vn 0.3059407 0.9022037 -0.3040211
v 1.5083184 -14.0463734 16.9813442
vn 0.3186400 -0.8938672 0.3153888
v 2.4860928 -21.8382530 18.8552017
vn 0.2369889 -0.7280170 0.6432943
v 1.5631248 -21.8539848 19.7685604
vn 0.3637992 -0.0188503 0.9312866
v 1.5682336 -21.4125748 19.7754993
vn -0.1687008 -0.0181879 0.9854996
v -1.9834632 -21.8113804 19.6431007
vn -0.9955633 -0.0638181 -0.0691465
v -2.2095134 -21.8464699 15.0783072
vn 0.0001378 -0.9999996 0.0008759
v 2.2013493 -21.8813839 15.1006155
vn -0.0474629 -0.9984740 0.0282310
v -2.4688852 -21.8787498 18.8425045
vn -0.3308454 -0.3441390 -0.8786978
v -0.8726515 -14.1337919 15.9521093
vn -0.6597495 -0.3576284 0.6609332
v -0.9694807 -14.0788412 18.4893475
vn 0.9098393 -0.4003286 0.1092226
v 1.6350516 -14.1762009 17.6053047
vn 0.5917566 0.0821669 -0.8019181
v 1.4439881 -9.6501112 15.4142847
vn 0.2923940 0.0056710 0.9562812
v 0.5585138 -10.3533125 19.5624542
vn 0.9463863 0.2753605 0.1689070
v 2.4452927 -10.2576256 17.4733868
vn -0.3069405 0.2188239 -0.9262309
v -0.7333500 -9.7664585 15.0818272
vn -0.7093682 0.2961709 0.6395934
v -1.9033313 -9.8108330 18.8592987
vn -0.9573272 0.0994503 -0.2713563
v -2.2036533 -10.0264797 16.4501495
vn 0.2530710 0.6416206 0.7240705
v 0.3383907 -7.5462613 18.4223042
vn -0.0894537 0.9569014 -0.2762929
v -0.0494679 -6.8037400 17.0485668
vn -0.8749730 0.3438168 -0.3408991
v -2.7679701 11.8183002 15.6986141
vn 0.3533700 -0.6028059 0.7153704
v 1.6583613 11.9348431 20.0619431
vn 0.3571215 0.4680925 0.8083029
v 1.5850495 12.3880787 20.0509262
vn -0.1666870 0.3707803 0.9136397
v -1.5693327 12.3117552 20.0442734
vn -0.8896523 0.2935537 0.3497786
v -2.6637242 12.2296581 19.2688274
vn -0.6755529 0.6790950 -0.2871556
v -2.4905238 12.6571569 15.8325396
vn 0.2115540 0.6695436 -0.7120087
v 1.5605624 12.2843971 14.5154238
vn -0.2208120 0.7816768 -0.5832868
v -1.3907770 12.9259501 15.1213980
vn -0.4547002 0.4962259 -0.7395996
v -1.6126100 11.9386988 14.4870119
vn 0.8323951 0.4078562 0.3751956
v 2.7533221 12.3154659 18.8553829
vn 0.9385800 0.2756222 -0.2076050
v 3.0705636 12.2314529 16.3573551
vn 0.3920152 0.8797894 -0.2688770
v 1.4425939 13.5168743 15.8582935
vn -0.1158136 0.9906599 -0.0719733
v -0.0909203 13.9581842 17.3818455
vn -0.3392456 0.8785099 0.3363521
v -1.4328178 13.5223093 18.7183189
vn 0.2786191 0.8776165 0.3900779
v 1.4936525 13.4330168 18.7150860
vn 0.9368382 0.0054152 0.3497212
v 0.7057532 -8.2226019 1.8318050
vn -0.2362708 -0.8478183 0.4747423
v -0.2725852 -8.7645626 1.8583561
vn 0.3586794 -0.7619433 -0.5392508
v 0.3032398 -8.7214108 1.4814095
vn -0.3640564 0.5553452 0.7476996
v -0.2174433 -7.8438230 1.9221053
vn -0.9749263 -0.0029700 0.2225083
v -0.7500250 -8.3119240 1.6245656
vn 0.1146888 0.9934002 0.0016173
v 0.0791429 -7.5227313 1.5492580
vn 0.6657165 0.1986272 0.7192835
v 0.4750453 8.4138680 1.9026717
vn -0.9305592 0.3660367 -0.0087621
v -0.4864180 8.7340822 1.5837113
vn 0.0391385 -0.9944879 -0.0972730
v -0.1474175 7.6569390 1.8464499
vn 0.3658619 -0.5847347 -0.7240376
v 0.5170651 7.7118521 1.5523956
vn -0.8568904 0.5061353 -0.0978061
v -0.6358446 8.3606348 1.8524523
vn 0.3966846 0.6504108 0.6477709
v 0.3307526 8.8166323 1.5806652
vn 0.6675047 0.6557553 0.3527358
v 0.4566904 7.3590798 4.9839253
vn -0.8382208 -0.1282356 -0.5300391
v -0.4522782 6.7324767 6.4183149
vn -0.5359315 -0.5486439 -0.6416910
v -0.4661677 7.9934540 3.7610915
vn -0.9064366 -0.4013712 -0.1314303
v -0.4483036 9.5171814 2.7060368
vn 0.8203118 -0.2601327 0.5093324
v 0.4479800 9.4525232 2.5772519
vn 0.7635036 0.0719890 -0.6417786
v 0.5003711 12.3040972 2.1316118
vn 0.7459585 0.0398900 0.6647968
v 0.4674774 11.5049257 2.5094705
vn -0.6515086 0.1649626 -0.7404889
v -0.4960606 13.0011187 2.2242851
vn -0.8017647 -0.2326850 0.5504827
v -0.5443096 17.1078987 3.8527417
vn -0.6919311 -0.5835213 0.4251285
v -0.4543572 21.8083420 7.9200287
vn -0.5219948 0.6322371 -0.5725363
v -0.4745451 21.6518173 6.8009052
vn -0.4778959 -0.8685814 0.1310796
v -0.4543446 23.4583721 12.2902012
vn -0.6873469 -0.6809127 -0.2528086
v -0.4627390 22.6693840 16.8794212
vn -0.7492502 0.4528983 0.4832259
v -0.4676655 21.4571056 19.6832733
vn -0.5484443 -0.5799060 -0.6024266
v -0.4622454 20.9296265 19.2371616
vn -0.6728694 -0.2288794 -0.7034637
v -0.4604986 19.2543583 20.1502590
vn -0.5619828 -0.0533434 0.8254271
v -0.4951767 18.2753487 20.8623848
vn -0.8362315 0.4686978 -0.2846741
v -0.4508766 15.2864857 19.1533012
vn -0.8474611 -0.4190626 -0.3258777
v -0.4647758 14.8822660 14.9523573
vn -0.9679348 0.0846319 -0.2365158
v -0.5587653 16.5498447 14.0601006
vn 0.7036492 -0.5726085 -0.4207106
v 0.4665703 15.2960005 14.2495956
vn 0.6870387 0.5819828 0.4350564
v 0.4480302 15.3754339 15.1001768
vn -0.1290346 -0.1623715 0.9782564
v 0.0126149 18.2238750 14.2582607
vn -0.9337986 0.0406838 -0.3554786
v -0.5207500 18.2725620 13.6759710
vn 0.8647875 -0.4932095 -0.0942714
v 0.4602934 20.4256516 14.3764973
vn -0.8243958 0.5237480 0.2146148
v -0.4824196 21.1659870 15.8029451
vn 0.9299198 0.0281713 0.3666820
v 0.4850462 21.1475849 15.8207655
vn 0.6267290 0.7066594 -0.3283949
v 0.4784199 20.2045040 12.2672443
vn 0.6015712 -0.5367481 0.5916194
v 0.4676017 18.8849525 10.9909878
vn -0.9940484 -0.0506673 -0.0964398
v -0.5461770 17.6221085 9.9143715
vn 0.7121763 0.3979680 -0.5782961
v 0.4752666 18.3829441 10.1993380
vn -0.7242922 0.6424940 -0.2502049
v -0.4738287 20.4704685 13.0032797
vn -0.9642476 -0.0859020 -0.2506938
v -0.5410841 19.5553169 11.4314919
vn -0.9611449 -0.1788520 -0.2102677
v -0.4574231 20.4165974 14.3727760
vn -0.9979907 0.0266385 -0.0574892
v -0.5369347 14.3893909 9.1309414
vn 0.5675010 0.1160011 -0.8151604
v 0.4646493 14.7282133 9.0267534
vn -0.4531051 0.3144497 -0.8341565
v -0.4551512 9.3225803 9.1266518
vn 0.4787174 -0.1127807 0.8706952
v 0.4664526 15.0191374 9.4035378
vn 0.7472272 -0.0797429 0.6597672
v 0.4702837 10.3211603 9.5436850
vn -0.4892732 -0.2158435 0.8449991
v -0.4764112 9.1269855 9.5095987
vn 0.8882527 -0.3551625 0.2913189
v 0.5328233 8.7583494 9.0347071
vn 0.6370320 -0.5712889 0.5175126
v 0.4696000 7.2363639 7.8475170
vn -0.6910543 -0.4813598 0.5392001
v -0.4692425 4.4760447 4.4202023
vn 0.9695931 -0.2432757 0.0265762
v 0.5141062 6.6498609 6.6578665
vn 0.3709809 0.6601000 -0.6531778
v 0.4582491 5.4828362 4.9883981
vn 0.9784555 0.1886729 -0.0838300
v 0.5263889 3.7194691 3.8130531
vn -0.5494841 0.5161366 -0.6570162
v -0.4795478 5.0709224 4.6082506
vn -0.6885149 0.3303652 -0.6456052
v -0.4727249 3.6076894 3.6598265
vn 0.8668164 0.3610826 -0.3438731
v 0.4357921 1.2029734 2.5916784
vn -0.7919232 0.0231175 -0.6101829
v -0.4655251 9.4271374 1.9305222
vn -0.8320982 -0.1178091 0.5419719
v -0.4647928 9.1319685 2.5052142
vn -0.9347621 0.1330458 0.3294219
v -0.4377702 1.2005893 2.5882423
vn -0.8489419 -0.0041844 -0.5284697
v -0.4656590 -0.5056136 1.9077858
vn -0.6176953 0.4623742 0.6361310
v -0.4655180 8.1121092 3.9708664
vn -0.9441847 0.3195469 -0.0800309
v -0.5580007 7.2572155 4.8058624
vn 0.4467214 -0.7761146 -0.4450688
v 0.4685273 7.2180400 4.5724249
vn 0.8924381 -0.3353979 -0.3017658
v 0.5646241 8.5936880 3.5234847
vn -0.7516807 -0.1383233 -0.6448588
v -0.4654627 -11.1883335 2.0566180
vn -0.6658111 -0.0854791 0.7412078
v -0.4681292 -1.4888589 2.5779266
vn -0.8397533 0.0622998 0.5393823
v -0.4673595 -10.9285984 2.5932763
vn 0.6658025 0.1768182 0.7248741
v 0.4625738 -12.3185129 2.7476239
vn 0.9753689 -0.0297223 -0.2185684
v 0.4930758 -4.0346146 2.0231340
vn 0.3786332 0.7697139 0.5139818
v 0.4657701 -14.0545092 4.0573854
vn -0.9804319 0.1070074 -0.1652353
v -0.5206813 -14.4471111 4.2526050
vn 0.1977912 -0.9601361 0.1975284
v 0.4645889 -15.0497723 5.4521708
vn -0.5315018 -0.3544017 0.7693538
v -0.5015152 -14.4283381 5.9664073
vn 0.6872799 0.6024582 0.4058207
v 0.4680336 -14.2783985 5.9415708
vn 0.7917951 -0.4728858 -0.3865741
v 0.4735694 -14.3480797 3.7710676
vn -0.9946662 -0.1016142 0.0177170
v -0.5142044 -13.4824190 3.1448817
vn 0.4438798 -0.2404989 -0.8632097
v 0.4730118 -12.1611557 2.1834731
vn -0.9428903 -0.1117477 0.3138000
v -0.5210479 7.3160458 7.5689187
vn 0.6491634 0.6983827 -0.3014111
v 0.4660293 7.3272228 7.5159526
vn 0.6542090 0.0048913 -0.7562980
v 0.5096251 18.4281750 13.6251221
vn 0.8491561 -0.4248346 0.3137665
v 0.4968420 14.2985620 17.9598255
vn 0.2118152 0.9018418 0.3765844
v 0.4670992 14.8454561 17.0662212
vn -0.5021873 0.8345058 0.2267334
v -0.3139124 15.0526896 15.9636450
vn -0.7426091 -0.6697188 0.0029173
v -0.4663278 14.1940222 17.7669983
vn -0.6205074 0.1935564 -0.7599385
v -0.4410259 17.1123104 20.2989845
vn -0.8924307 0.0295260 0.4502173
v -0.4542246 11.4316988 2.5481675
vn 0.6556640 -0.2988167 0.6934071
v 0.4584047 16.4154987 3.7232289
vn 0.6818653 -0.4879864 0.5449120
v 0.4557771 20.1043129 6.1377926
vn 0.8746080 0.3459863 -0.3396388
v 0.4669377 21.2075958 6.4207659
vn 0.8115864 0.5327975 -0.2396967
v 0.5182685 23.2075405 9.6685886
vn 0.6271332 -0.7755182 0.0726331
v 0.4482316 23.3390045 12.1590300
vn -0.7295105 0.6688238 -0.1431401
v -0.4691358 23.8456345 11.1945305
vn 0.9139524 0.4057583 0.0071648
v 0.5021977 23.9322834 13.0852127
vn -0.7453189 0.6484575 0.1549279
v -0.4639104 23.7180767 15.5478525
vn 0.6064600 0.7236361 0.3294800
v 0.4633961 23.2779160 16.8297272
vn 0.6801293 -0.4059406 -0.6104394
v 0.4592701 20.5922775 19.4903336
vn 0.6335724 0.2176362 0.7424423
v 0.4686716 19.6030121 20.6589413
vn 0.8433692 -0.2382694 -0.4816183
v 0.5155665 17.9834290 20.5189896
vn -0.6889307 -0.5137892 0.5112681
v -0.4700152 15.6419916 20.2799110
vn 0.9093363 0.3900320 0.1448536
v 0.5610980 15.5965614 19.7964115
vn 0.8926405 0.3129581 0.3244231
v 0.5056852 21.4126148 19.4558964
vn 0.7759511 -0.5444183 -0.3186041
v 0.4508502 22.5025311 17.2580299
vn 0.5330512 -0.8375290 -0.1200071
v 0.4604363 23.3458729 14.0310144
vn 0.7851149 -0.5964147 0.1669850
v 0.4444318 23.0824547 10.8005457
vn 0.6929443 -0.6444703 0.3232435
v 0.4427196 22.3835945 8.9940319
vn 0.6629097 0.3316580 -0.6712331
v 0.4643529 16.7049026 3.1779089
vn 0.6027776 -0.6496003 -0.4633344
v 0.5292177 13.9651918 16.7227325
vn -0.4503578 0.8716282 0.1935000
v -0.3278639 14.3552666 17.3272095
vn 0.6081734 0.7587507 0.2332862
v 0.5262812 14.2958002 17.5514679
vn -0.2879550 0.5608329 -0.7762399
v -0.1862637 14.1778326 16.6455517
vn -0.9079262 0.3587930 -0.2166508
v -0.7474080 14.0206537 17.1749287
vn -0.0756854 0.5630828 0.8229275
v -0.0679478 14.0574226 18.0901279
vn -0.9610209 -0.0904455 0.2612632
v -2.0616009 -21.8621216 18.4317093
vn -0.9244849 -0.3413647 -0.1696994
v -1.9255160 -22.0607681 16.1813011
vn -0.7305937 -0.6376623 0.2441716
v -1.9238764 -22.0599213 18.4034119
vn -0.4202308 -0.3594292 -0.8331968
v -1.5281602 -21.9822788 15.3579702
vn -0.4913062 -0.7566295 -0.4314282
v -0.8388543 -23.3005524 16.4273605
vn 0.4377567 -0.7970685 -0.4159940
v 0.7167245 -23.4168510 16.5534992
vn 0.4033240 -0.3663843 -0.8385060
v 1.1710649 -21.8287334 15.2552967
vn 0.2867009 -0.5660162 -0.7729349
v 1.2652136 -22.0578480 15.4006939
vn 0.8888447 -0.3516400 -0.2937759
v 1.9965816 -22.0035210 16.1863785
vn 0.8125796 -0.4930359 0.3108537
v 1.9458914 -22.0650234 18.3367825
vn 0.2637968 -0.5793259 0.7712282
v 1.0918492 -22.0590000 19.2355385
vn 0.4435242 -0.7853975 0.4317836
v 0.8771397 -23.3050537 18.1434155
vn 0.6201624 -0.6684442 0.4105862
v 0.3245801 -23.7496567 17.5665150
vn -0.4193528 -0.7844473 0.4569309
v -0.7651388 -23.3492336 18.1031303
vn 0.6047642 0.0141619 0.7962787
v 1.6910353 -21.8652687 19.1960278
vn -0.2652710 -0.5067481 0.8202669
v -1.1288196 -22.0411129 19.2299519
vn -0.0177311 -0.7747952 -0.6319636
v -0.1597850 -23.8240528 16.8513412
vn -0.5822529 -0.8072965 0.0961979
v -0.4847817 -23.8217659 17.2838402
vn 0.3803428 -0.8596129 -0.3411818
v 0.3373125 -24.0685482 16.8562412
vn 0.3433261 -0.5744789 0.7430351
v 0.1355591 -24.0506191 17.8830166
vn -0.8627247 -0.0522679 -0.5029655
v -7.4272771 2.6805377 12.6096525
vn -0.8238030 -0.4153714 0.3857658
v -7.4174380 2.3290884 13.5617352
vn -0.7180580 0.6241657 0.3079124
v -6.4546547 -15.8579254 14.0543146
vn -0.9771463 -0.0790492 0.1973229
v -6.6166921 -15.8763046 20.9069481
vn -0.9235901 -0.2132622 -0.3185916
v -6.4272566 -16.2189407 13.2418051
vn -0.3025930 -0.6359512 -0.7099321
v -4.0487790 -16.2171268 10.8720522
vn -0.3324187 0.2237896 -0.9161965
v -5.9102731 -15.8578396 12.6806850
vn -0.2893350 -0.4406435 -0.8497756
v -6.7969327 2.3302763 12.0002975
vn -0.7370707 -0.5690691 -0.3645369
v -5.2911153 2.3285429 10.4943781
vn 0.2914232 -0.3701891 0.8820615
v -5.1271286 2.3461943 10.6937599
vn 0.4076114 0.0625151 0.9110131
v -4.5770946 2.7213774 10.1083469
vn 0.2393427 0.1723834 0.9555098
v -3.9469056 -16.0486965 11.1092291
vn -0.4213843 0.4813614 0.7685874
v 3.2133431 -15.8397284 11.0943813
vn 0.5598757 0.3459267 0.7529103
v -3.2169149 -15.8243389 11.0882540
vn -0.3181984 0.1465581 0.9366272
v 3.9428866 -16.2475700 11.1108875
vn -0.8625901 0.1849603 0.4708801
v 6.1543751 -16.1846485 13.3044291
vn -0.7454029 0.3500505 -0.5673088
v 6.2008100 -15.8269596 20.5069065
vn -0.9085765 0.1943748 -0.3697394
v 6.1510167 -16.1055965 21.2783871
vn -0.2450997 0.1683540 -0.9547686
v 3.9500732 -16.0918770 23.4675369
vn 0.4459890 0.2884560 -0.8472821
v -3.2132058 -15.8406820 23.4845676
vn -0.5031696 0.5569066 -0.6608141
v 3.2174859 -15.8258390 23.4912968
vn 0.3796480 0.0588806 -0.9232554
v -3.9440563 -16.2473240 23.4673500
vn 0.8213962 0.5630027 -0.0913030
v -5.7135420 -15.8271074 21.7478008
vn -0.4317920 -0.0537109 0.9003726
v -5.9082155 -15.8584995 21.9002323
vn -0.9553028 0.1596859 0.2487910
v -4.6096377 -15.8604498 23.1983452
vn -0.2949466 -0.1059944 0.9496166
v -4.0478773 -16.2084675 23.7222843
vn 0.3168195 0.6072208 0.7286346
v -3.2356739 -15.8567743 23.7433243
vn 0.0001388 -0.6482842 0.7613985
v -0.0001103 -16.2273121 23.7055016
vn -0.2874372 0.2424287 0.9266111
v 3.2339733 -15.8595867 23.7441368
vn 0.4602418 -0.4854394 0.7433209
v -3.7254691 2.3321085 24.7071133
vn 0.2919777 -0.3554386 -0.8879259
v -3.7075188 2.3218620 24.4513226
vn 0.3195541 0.0431875 -0.9465833
v -4.5755644 2.7206774 24.4716053
vn 0.4769068 0.3072409 -0.8235065
v -4.4422536 -15.8217611 23.0071411
vn 0.1785362 -0.2469503 -0.9524392
v -5.1237040 2.3439603 23.8882751
vn 0.9150640 0.1022638 -0.3901283
v -6.1497631 -16.1143341 21.2807560
vn 0.8350268 0.3217659 0.4463149
v -6.1910601 -15.8553934 14.0800619
vn 0.5778718 0.6442848 -0.5009604
v -6.2072930 -15.8247509 20.5000248
vn 0.8879914 0.1444682 0.4365780
v -6.1568446 -16.1846447 13.3061514
vn -0.1978634 0.7760242 0.5988628
v -4.5802846 -15.8090210 11.4880838
vn 0.8643821 0.3195156 0.3882698
v -5.7159190 -15.8242435 12.8439951
vn 0.8763662 -0.4494614 0.1731090
v -6.5954003 2.3534069 12.1659031
vn 0.2752765 -0.5168458 0.8106130
v -3.7032714 2.3407357 10.1299839
vn -0.2985066 0.0481095 0.9531943
v 4.5700822 2.5428777 10.1244125
vn -0.3744808 -0.5333143 0.7585118
v 5.1239924 2.3417675 10.6913614
vn -0.9141876 0.0357411 0.4037123
v 7.1618042 2.5498025 12.7337923
vn -0.8071081 -0.5224015 -0.2750877
v 7.1591711 2.3412187 20.9883995
vn -0.9094656 -0.0297766 -0.4147115
v 7.1729431 2.6236548 21.8513222
vn -0.3815300 -0.4264303 -0.8201171
v 5.1229830 2.3424644 23.8881741
vn -0.0223319 -0.7177472 0.6959457
v 6.6907315 2.2884133 22.5446835
vn -0.2993111 0.0508876 -0.9527977
v 4.5673304 2.5440347 24.4552155
vn -0.0136869 -0.0382323 -0.9991752
v -3.6697998 2.3444002 24.4477005
vn 0.9212717 0.0308461 -0.3876945
v -7.1541786 2.5298951 21.8570175
vn 0.9195490 0.0535229 0.3893135
v -7.1628542 2.6036603 12.7099113
vn 0.9007516 -0.2987543 0.3152659
v -7.1620069 2.3223763 13.5817270
vn -0.8109262 -0.3139223 -0.4938133
v -7.4170280 2.3323321 21.0146198
vn -0.2199693 -0.2909410 0.9311106
v -6.7980895 2.3291025 22.5799866
vn 0.7149941 -0.6621258 -0.2244393
v -6.6022758 2.3279994 22.4134922
vn -0.6904416 -0.6822442 0.2404854
v -5.2911253 2.3316076 24.0856876
vn -0.4129219 0.0862564 0.9066727
v -4.6834540 2.6747265 24.7181301
vn 0.0890672 0.9560794 0.2792477
v 4.6709161 2.6797311 24.7107239
vn 0.8684351 0.2299689 -0.4392435
v 7.4344287 2.6736667 12.6051188
vn 0.8624408 -0.4616405 0.2075667
v 7.4177370 2.3294265 13.5616760
vn 0.8784419 0.1113553 -0.4646933
v 6.3072305 -15.9445210 12.8633556
vn 0.9433460 -0.1209695 0.3089737
v 6.4336543 -16.2156773 21.3445511
vn 0.8549426 0.3377787 -0.3936735
v 6.4543433 -15.8561735 20.5259800
vn 0.9250759 -0.1389015 -0.3534700
v 6.4109254 -16.2246990 13.2448387
vn 0.3225506 -0.1824965 -0.9287928
v 4.0540414 -16.2142086 10.8622885
vn -0.3415578 -0.1624203 -0.9257202
v -4.0532722 -16.1925564 10.8519573
vn -0.4108997 0.0513818 -0.9102315
v -4.6817884 2.6764214 9.8612823
vn 0.4197213 -0.2450175 -0.8739568
v -3.7267051 2.3312290 9.8724279
vn 0.3194195 0.6095230 -0.7255707
v -3.2370625 -15.8560390 10.8344336
vn -0.4642310 -0.4956346 -0.7340544
v 3.7253611 2.3307886 9.8730106
vn -0.2891108 0.2471237 -0.9248486
v 3.2359691 -15.8571825 10.8353968
vn 0.4127455 0.2005051 -0.8885037
v 4.6812310 2.6544087 9.8527651
vn 0.3045355 0.5860572 -0.7508629
v 4.6721883 2.6791644 9.8684196
vn 0.5336060 0.7682235 -0.3536911
v 7.4097309 2.6889367 12.6080084
vn 0.1993815 -0.5529184 -0.8090292
v 6.7954068 2.3330350 11.9986324
vn 0.8359507 -0.3498215 -0.4228610
v 5.2910991 2.3315902 10.4928255
vn 0.1947247 0.7651510 0.6136988
v 4.5788836 -15.8016109 11.4847908
vn -0.9378113 0.3438612 0.0476405
v 5.7152486 -15.8244724 12.8312578
vn -0.8757219 -0.4067379 0.2601452
v 6.6049681 2.3234222 12.1684809
vn -0.3484513 0.7379936 0.5778816
v 6.3394156 -15.7950945 14.1082993
vn 0.8115672 -0.2821895 -0.5115935
v 7.4175048 2.3320491 21.0150604
vn -0.8927935 0.3063030 -0.3303004
v 5.7166910 -15.8248091 21.7340488
vn 0.4190173 0.2025297 0.8851024
v 5.9082770 -15.8582630 21.8991413
vn 0.5980253 0.7343124 -0.3211716
v 4.5810609 -15.8114557 23.0913258
vn 0.8689634 -0.4033152 0.2867745
v 5.2900620 2.3309045 24.0851593
vn 0.9058536 0.2041732 0.3711368
v 7.4282880 2.6808152 21.9686699
vn 0.2983657 -0.2795391 0.9125984
v 4.0501895 -16.2084522 23.7208214
vn 0.4946313 0.2320658 0.8375472
v 4.6852369 2.6749375 24.7225685
vn -0.9186937 -0.0617929 0.3901072
v -6.4129186 -16.2246780 21.3316479
vn 0.2581997 -0.9299403 0.2618090
v 6.4114952 -16.2252026 21.3325710
vn -0.4186125 -0.2391219 0.8761189
v 3.7266686 2.3302138 24.7078800
vn -0.4316523 -0.3912269 0.8127840
v 3.7063785 2.3249345 10.1265736
vn -0.9337491 -0.0488152 0.3545839
v -7.4293303 2.6806793 21.9648418
vn -0.2739868 -0.5644134 -0.7786968
v 3.7057831 2.3277800 24.4518604
vn 0.6472219 -0.6767517 -0.3508718
v -7.1617150 2.3279662 20.9942493
vn -0.8097044 -0.3983711 0.4309051
v 7.1627421 2.3252227 13.5827742
vn -0.4246429 0.5293882 0.7344566
v -4.5521584 2.6678083 24.5328426
vn 0.4632067 -0.7503381 0.4716273
v 3.9090319 -16.2226791 23.5047321
vn 0.7538849 -0.6277237 0.1939603
v 6.2089844 -16.2240353 21.2341652
vn 0.3984327 -0.6296966 -0.6668835
v 3.9173656 -16.2240486 11.1082249
vn -0.2871702 -0.6756435 -0.6789986
v -3.9182961 -16.2241039 11.1081114
vn -0.7532893 0.5818645 -0.3065761
v -7.2168050 2.6678278 12.7640762
vn 0.0153519 -0.9986410 -0.0498054
v -3.9071794 -16.2226982 23.5059738
vn 0.3459172 -0.4208110 0.8386056
v -3.8974733 -16.2210407 11.1557169
vn 0.4352526 0.8805343 -0.1876553
v -7.1689043 2.6708310 21.8495445
vn -0.1913785 0.6284262 0.7539595
v 4.5325727 2.6708837 10.1477623
vn 0.2705004 0.8517708 -0.4486826
v -4.5322723 2.6708982 24.4851074
vn 0.3390785 -0.9302252 -0.1403816
v 6.2090821 -16.2240124 13.3996487
vn 0.0642835 -0.9979112 -0.0064061
v -6.1881413 -16.2226276 21.2226982
vn 0.0339844 -0.9978982 0.0551753
v -6.1868691 -16.2226772 13.4027615
vn -0.6661761 -0.6928666 0.2759447
v 6.1611919 -16.2211170 13.4192619
vn -0.3253009 0.5281484 -0.7843715
v 4.5330520 2.6708386 24.4850864
vn -0.7531988 -0.5821784 -0.3062024
v 6.1612859 -16.2210903 21.2141190
vn -0.0198844 0.9981152 -0.0580583
v -4.5457740 2.6694443 10.1265907
vn 0.2194860 0.5327773 -0.8172969
v 4.5516701 2.6678550 10.1001863
vn -0.3070538 -0.7838697 0.5396909
v 3.8970826 -16.2210827 11.1556740
vn 0.0542340 0.9978727 -0.0361771
v 7.1876912 2.6696820 12.7771616
vn 0.1843464 0.6891972 0.7007308
v 4.5520802 2.6678474 24.5327644
vn -0.5281847 0.8184078 0.2263393
v -7.2168846 2.6677923 21.8704376
vn 0.5323110 0.6632212 0.5261012
v 7.1853375 2.6696162 21.8657074
vn 0.7843958 0.5279689 0.3255335
v -7.1688929 2.6707931 12.7840872
# 542 vertices, 0 vertices normals


usemtl material_0
vt 0.3774607 0.1827674
vt 0.3669104 0.1935100
vt 0.3634470 0.1867931
f 4/1/4 6/2/6 16/3/16
vt 0.3624738 0.6754859
vt 0.4513523 0.6777522
vt 0.3690629 0.6774898
f 5/4/5 48/5/48 36/6/36
vt 0.4516095 0.2295272
f 5/4/5 10/7/10 48/5/48
vt 0.4603367 0.6751407
vt 0.4604600 0.2320815
f 6/8/6 10/7/10 7/9/7
vt 0.4775637 0.6823751
vt 0.4841040 0.2382749
vt 0.4846695 0.6839476
f 6/10/6 15/11/15 16/12/16
vt 0.4528958 0.2292817
f 8/13/8 7/9/7 10/7/10
vt 0.4410442 0.2137852
f 10/7/10 9/14/9 8/13/8
vt 0.4941609 0.6933124
vt 0.5065724 0.6932526
vt 0.4951360 0.6935680
f 13/15/13 19/16/19 17/17/17
vt 0.4942939 0.2289236
f 13/15/13 14/18/14 19/16/19
f 15/11/15 13/15/13 16/12/16
vt 0.3496608 0.1648914
vt 0.3700362 0.1717273
vt 0.3605750 0.1738490
f 19/19/19 20/20/20 18/21/18
vt 0.3822146 0.1595907
f 3/22/3 20/20/20 19/19/19
f 4/1/4 20/20/20 3/22/3
vt 0.3746558 0.1690769
vt 0.3637693 0.1872470
vt 0.3775603 0.1834063
f 11/23/11 15/24/15 8/25/8
vt 0.3546402 0.1767498
f 16/3/16 13/26/13 4/1/4
vt 0.3511256 0.1696934
f 18/21/18 13/26/13 17/27/17
vt 0.4611524 0.1796237
vt 0.3905737 0.1805394
vt 0.4509520 0.1805413
f 52/28/52 9/29/9 22/30/22
vt 0.3803399 0.2117899
vt 0.3716058 0.2278353
f 22/31/22 9/14/9 21/32/21
vt 0.4734290 0.1717750
vt 0.4685763 0.1709458
vt 0.4751330 0.1725100
f 26/33/26 51/34/51 27/35/27
vt 0.4768440 0.1731510
f 27/35/27 51/34/51 28/36/28
vt 0.4911584 0.1652591
f 28/36/28 51/34/51 29/37/29
vt 0.4899704 0.1714157
f 29/37/29 51/34/51 30/38/30
vt 0.5085147 0.2282840
vt 0.4987199 0.6940289
vt 0.4942526 0.2284680
f 32/39/32 30/40/30 37/41/37
vt 0.4842686 0.6835701
vt 0.4846911 0.2378836
f 37/41/37 33/42/33 34/43/34
vt 0.4743361 0.1937844
vt 0.4775569 0.1875674
f 52/28/52 35/44/35 33/45/33
vt 0.4776039 0.2395049
f 33/42/33 5/46/5 34/43/34
vt 0.4866331 0.1774152
vt 0.4780601 0.1870796
vt 0.4693549 0.1788524
f 37/47/37 34/48/34 42/49/42
vt 0.4717856 0.1723339
vt 0.4785300 0.1737460
vt 0.4866362 0.1682004
f 41/50/41 39/51/39 38/52/38
vt 0.4821539 0.1612162
f 41/50/41 40/53/40 39/51/39
f 41/50/41 42/49/42 40/53/40
vt 0.3898353 0.1754324
vt 0.4531535 0.1648922
vt 0.4502702 0.1800570
f 2/54/2 1/55/1 45/56/45
vt 0.4435212 0.6856642
vt 0.3801975 0.6956477
vt 0.3772233 0.6849087
f 46/57/46 45/58/45 44/59/44
vt 0.3749360 0.6830323
f 47/60/47 44/59/44 45/58/45
f 45/56/45 1/55/1 42/49/42
vt 0.4461678 0.6830206
f 43/61/43 46/57/46 48/5/48
vt 0.4524079 0.6780711
f 43/61/43 48/5/48 4/62/4
f 36/6/36 47/60/47 5/4/5
f 48/5/48 44/59/44 36/6/36
f 4/62/4 48/5/48 6/8/6
vt 0.4898030 0.1709330
vt 0.4929315 0.1651447
f 49/63/49 40/53/40 32/64/32
vt 0.4733828 0.1933538
f 5/65/5 42/49/42 34/48/34
vt 0.4866600 0.1774651
f 33/45/33 31/66/31 52/28/52
vt 0.4546092 0.1591450
f 52/28/52 51/34/51 54/67/54
f 54/67/54 11/23/11 52/28/52
vt 0.4578287 0.1484175
vt 0.3879672 0.1585825
f 53/68/53 58/69/58 54/67/54
vt 0.4597270 0.1628060
f 55/70/55 54/67/54 51/34/51
f 8/25/8 9/29/9 11/23/11
vt 0.3817150 0.9098015
vt 0.3821315 0.7809729
vt 0.4263258 0.9400921
f 62/71/62 63/72/63 71/73/71
vt 0.2494170 0.6039469
vt 0.2517391 0.5502086
vt 0.2517544 0.6037210
f 67/74/67 60/75/60 63/76/63
vt 0.2372659 0.6059127
vt 0.2494067 0.5499505
f 72/77/72 59/78/59 67/74/67
vt 0.2397986 0.5482699
vt 0.2508518 0.6038827
vt 0.2395250 0.6057556
f 132/79/132 61/80/61 65/81/65
vt 0.5314211 0.5252670
vt 0.5328184 0.6546277
vt 0.5304413 0.6542071
f 70/82/70 66/83/66 69/84/69
vt 0.2399155 0.5484608
vt 0.2493978 0.6039394
vt 0.2397428 0.6056144
f 133/85/133 66/86/66 131/87/131
vt 0.8147377 0.6112075
vt 0.8250750 0.7445839
vt 0.8150308 0.7486876
f 74/88/74 68/89/68 133/90/133
vt 0.2505146 0.6039572
vt 0.2398182 0.5482984
vt 0.2399443 0.6055772
f 62/91/62 74/92/74 73/93/73
vt 0.5413629 0.5211869
vt 0.5328463 0.6546312
vt 0.5316129 0.5252211
f 73/94/73 67/95/67 62/96/62
vt 0.2507241 0.5501412
vt 0.2517588 0.6037467
f 68/97/68 69/98/69 66/86/66
vt 0.5865904 0.7809874
vt 0.5869998 0.9098024
f 70/99/70 69/100/69 71/73/71
vt 0.2199741 0.5449253
f 131/87/131 77/101/77 133/85/133
vt 0.7965084 0.7559552
f 74/88/74 133/90/133 77/102/77
vt 0.5606646 0.6663295
vt 0.5729683 0.5069072
vt 0.5729913 0.6725873
f 75/103/75 82/104/82 79/105/79
vt 0.2054993 0.6114113
vt 0.2054706 0.5425336
f 77/101/77 79/106/79 78/107/78
vt 0.7834699 0.7628155
vt 0.7960013 0.6033784
f 78/108/78 76/109/76 77/102/77
vt 0.1914437 0.6112765
f 80/110/80 78/107/78 79/106/79
vt 0.1862441 0.5438207
vt 0.1862241 0.6102461
f 88/111/88 80/110/80 125/112/125
vt 0.5870763 0.5069076
vt 0.5916299 0.6697581
vt 0.5870715 0.6726375
f 81/113/81 125/114/125 80/115/80
vt 0.1914578 0.5425922
vt 0.2054755 0.6113286
vt 0.1914386 0.6112826
f 81/116/81 83/117/83 90/118/90
vt 0.7834662 0.5970449
vt 0.7694163 0.7625800
vt 0.7693971 0.5971007
f 83/119/83 124/120/124 90/121/90
vt 0.1914716 0.6112558
vt 0.2054592 0.5425586
vt 0.2054613 0.6113513
f 85/122/85 84/123/84 137/124/137
vt 0.5915991 0.5097778
vt 0.5870799 0.6726521
vt 0.5870669 0.5068932
f 86/125/86 85/126/85 138/127/138
vt 0.1914507 0.6112821
vt 0.1849829 0.5436756
vt 0.1862357 0.6102447
f 138/128/138 99/129/99 86/130/86
vt 0.7648428 0.7600819
vt 0.7694241 0.5973151
vt 0.7693716 0.7628112
f 88/131/88 139/132/139 87/133/87
vt 0.1836733 0.6101002
vt 0.1836261 0.5437021
f 88/111/88 122/134/122 97/135/97
vt 0.5928026 0.5098935
vt 0.5942575 0.6695563
f 125/114/125 89/136/89 122/137/122
vt 0.1849584 0.5435663
vt 0.1862704 0.6100498
vt 0.1835961 0.6101362
f 89/138/89 92/139/92 93/140/93
f 89/138/89 90/118/90 92/139/92
vt 0.7648228 0.5998002
f 124/120/124 92/141/92 90/121/90
vt 0.7622580 0.7596295
vt 0.7622428 0.6002008
f 92/141/92 94/142/94 93/143/93
vt 0.5928183 0.6696854
vt 0.5942117 0.5100281
f 95/144/95 86/125/86 96/145/96
vt 0.7635734 0.6000108
vt 0.7622380 0.7596462
f 99/146/99 88/131/88 97/147/97
vt 0.7509882 0.6071719
vt 0.7510082 0.7526730
f 98/148/98 97/147/97 100/149/100
vt 0.1639310 0.5470770
vt 0.1706836 0.6072354
vt 0.1605799 0.6062121
f 105/150/105 123/151/123 101/152/101
vt 0.6156283 0.6596027
vt 0.6054774 0.5170172
vt 0.6134439 0.5188428
f 101/153/101 121/154/121 102/155/102
vt 0.1663881 0.6070437
vt 0.1706974 0.5466604
f 89/138/89 118/156/118 121/157/121
vt 0.7465742 0.6078824
f 94/142/94 118/158/118 93/143/93
vt 0.1706772 0.5466499
vt 0.1849841 0.6102844
vt 0.1707183 0.6072618
f 103/159/103 95/160/95 104/161/104
vt 0.6054901 0.6624947
f 96/145/96 104/162/104 95/144/95
vt 0.1684986 0.6071818
vt 0.1707098 0.5466818
f 120/163/120 99/129/99 98/164/98
vt 0.1624775 0.5474663
f 106/165/106 120/163/120 98/164/98
vt 0.6957356 0.7217382
vt 0.7428584 0.6087710
vt 0.7442641 0.7517857
f 114/166/114 106/167/106 105/168/105
vt 0.6813651 0.7137926
vt 0.6575091 0.6540885
vt 0.6842086 0.6444833
f 108/169/108 111/170/111 117/171/117
vt 0.6989344 0.5639939
vt 0.6982620 0.6156713
vt 0.6766298 0.5571016
f 109/172/109 110/173/110 113/174/113
vt 0.6708690 0.6253789
f 113/174/113 110/173/110 108/175/108
vt 0.6575037 0.7057794
vt 0.6586812 0.6538090
vt 0.6717843 0.7096403
f 112/176/112 109/177/109 115/178/115
vt 0.6244598 0.5252160
f 113/174/113 108/175/108 107/179/107
vt 0.6122275 0.6615806
f 107/179/107 108/175/108 116/180/116
vt 0.1621947 0.5474334
vt 0.1640253 0.6068604
vt 0.0974688 0.5770713
f 119/181/119 116/182/116 108/183/108
vt 0.6964853 0.5633877
vt 0.6760350 0.6226410
vt 0.6668811 0.5522071
f 111/184/111 115/185/115 117/186/117
f 117/186/117 115/185/115 101/153/101
f 101/153/101 102/155/102 117/186/117
vt 0.7432040 0.7512471
f 119/187/119 117/171/117 118/158/118
vt 0.0976909 0.5783855
vt 0.1625235 0.5471083
f 117/188/117 102/189/102 118/156/118
f 119/181/119 104/161/104 116/182/116
vt 0.6077287 0.5169816
f 104/162/104 120/190/120 116/180/116
vt 0.1487665 0.6035032
f 106/165/106 107/191/107 120/163/120
vt 0.6989493 0.6155376
f 111/184/111 112/192/112 115/185/115
vt 0.6863870 0.6434464
f 115/178/115 113/193/113 114/166/114
vt 0.6454305 0.9543653
vt 0.7180125 0.8862191
vt 0.7179035 0.9543061
f 110/194/110 112/195/112 111/196/111
f 105/168/105 98/148/98 100/149/100
f 121/154/121 122/137/122 89/136/89
f 123/151/123 97/135/97 122/134/122
vt 0.1913982 0.5424209
f 95/160/95 124/197/124 85/122/85
vt 0.1862407 0.5438207
vt 0.1836010 0.5436860
f 91/198/91 95/160/95 94/199/94
f 139/132/139 78/108/78 87/133/87
vt 0.5729862 0.6726527
vt 0.5603701 0.5133610
vt 0.5729991 0.5069463
f 137/200/137 128/201/128 127/202/127
vt 0.2054953 0.6114003
vt 0.2195406 0.5451456
vt 0.2054772 0.5425590
f 127/203/127 76/204/76 126/205/126
vt 0.2201231 0.6087282
f 128/206/128 74/92/74 76/204/76
f 73/93/73 74/92/74 128/206/128
vt 0.5444226 0.6593590
vt 0.5594113 0.6663423
f 72/207/72 128/201/128 130/208/130
vt 0.7962192 0.7562990
vt 0.7957211 0.6031336
vt 0.8144750 0.6112391
f 136/209/136 135/210/135 65/211/65
vt 0.2199765 0.5449494
f 65/81/65 134/212/134 132/79/132
vt 0.2193539 0.6086611
f 134/212/134 65/81/65 135/213/135
vt 0.5600847 0.5136626
vt 0.5418904 0.6585407
vt 0.5413884 0.5211770
f 134/214/134 131/215/131 132/216/132
f 131/215/131 70/82/70 132/216/132
vt 0.2055002 0.5425243
f 82/217/82 135/213/135 83/117/83
f 79/105/79 81/113/81 80/115/80
vt 0.7834541 0.7628357
f 135/210/135 84/218/84 83/119/83
vt 0.2201102 0.5451554
f 136/219/136 137/124/137 84/123/84
f 85/126/85 127/202/127 138/127/138
vt 0.1914056 0.5424448
f 138/128/138 126/205/126 139/220/139
vt 0.8250306 0.6154277
vt 0.8150076 0.7486567
f 61/221/61 64/222/64 65/211/65
vt 0.4200263 0.7429187
f 71/73/71 63/72/63 60/223/60
vt 0.5486960 0.7429456
f 71/73/71 60/223/60 61/224/61
vt 0.0494203 0.9586044
vt 0.2033904 0.9569283
vt 0.2013261 0.9622720
f 143/225/143 142/226/142 147/227/147
vt 0.2014888 0.9611087
vt 0.0508900 0.9622587
vt 0.0503552 0.9599726
f 154/228/154 146/229/146 156/230/156
vt 0.0503539 0.9599727
vt 0.2016609 0.9611152
vt 0.0509573 0.9622536
f 144/231/144 221/232/221 145/233/145
vt 0.4091066 0.9629260
vt 0.3646022 0.7699277
vt 0.4091138 0.7275419
f 148/234/148 221/235/221 146/236/146
vt 0.5598229 0.7276594
vt 0.6043290 0.9204834
vt 0.5598370 0.9629456
f 154/237/154 147/238/147 140/239/140
f 140/239/140 146/236/146 154/237/154
vt 0.3222595 0.7321640
vt 0.2594382 0.7344559
vt 0.2595320 0.7320946
f 148/240/148 144/241/144 145/242/145
vt 0.2586342 0.7381877
vt 0.3224282 0.7344480
vt 0.3232509 0.7381682
f 151/243/151 149/244/149 150/245/150
vt 0.2038258 0.9562936
vt 0.0484341 0.9566858
vt 0.0434559 0.9403246
f 152/246/152 151/247/151 153/248/153
vt 0.3258720 0.7570035
vt 0.2564204 0.7547227
f 151/243/151 220/249/220 153/250/153
vt 0.2590100 0.7361062
vt 0.3224793 0.7331976
vt 0.3232940 0.7393258
f 143/251/143 154/252/154 155/253/155
vt 0.2040629 0.9555833
vt 0.0485786 0.9566649
f 155/254/155 156/230/156 157/255/157
vt 0.3233663 0.7386597
vt 0.2594442 0.7344271
vt 0.3223616 0.7333915
f 152/256/152 156/257/156 221/258/221
vt 0.3268480 0.7615736
vt 0.2563390 0.7555624
f 158/259/158 216/260/216 152/256/152
vt 0.2120744 0.9338336
f 153/248/153 158/261/158 152/246/152
vt 0.2518543 0.7770815
f 153/250/153 220/249/220 215/262/215
vt 0.0319243 0.9200761
vt 0.2199998 0.9205520
vt 0.0393754 0.9317220
f 160/263/160 161/264/161 159/265/159
vt 0.2226389 0.9156619
vt 0.0295162 0.9157144
f 179/266/179 160/263/160 178/267/178
vt 0.2516975 0.7779393
vt 0.3311128 0.7828472
vt 0.2508430 0.7828889
f 160/268/160 177/269/177 178/270/178
vt 0.2200112 0.9209550
vt 0.0295355 0.9156907
vt 0.2226083 0.9156877
f 164/271/164 162/272/162 177/273/177
vt 0.0296714 0.9052300
vt 0.2225403 0.9052030
f 177/273/177 168/274/168 176/275/176
vt 0.2225152 0.9052233
vt 0.0295307 0.9156900
vt 0.0296477 0.9051796
f 210/276/210 167/277/167 211/278/211
vt 0.2507920 0.7934143
vt 0.3307563 0.7811311
vt 0.3310981 0.7934223
f 168/279/168 166/280/166 210/281/210
vt 0.3274447 0.8308766
vt 0.2528469 0.8025392
vt 0.3289370 0.8025141
f 170/282/170 175/283/175 171/284/171
vt 0.0347074 0.8972611
vt 0.2082854 0.8536262
vt 0.2176287 0.8972347
f 175/285/175 190/286/190 172/287/172
vt 0.2225302 0.9052033
vt 0.0296663 0.9051870
f 175/285/175 173/288/173 174/289/174
vt 0.3310632 0.7934239
vt 0.2508067 0.7933777
f 176/290/176 175/283/175 174/291/174
vt 0.2176080 0.8972402
vt 0.0435022 0.8544479
vt 0.2141362 0.8691327
f 171/292/171 207/293/207 170/294/170
vt 0.0345629 0.8972428
f 176/275/176 169/295/169 171/292/171
f 176/290/176 178/270/178 177/269/177
f 174/289/174 179/266/179 178/267/178
vt 0.2508596 0.7933775
vt 0.3309903 0.7829005
vt 0.3310655 0.7934311
f 181/296/181 179/297/179 173/298/173
vt 0.2507465 0.7828561
vt 0.3301677 0.7774293
f 180/299/180 161/300/161 179/297/179
vt 0.0296880 0.9156592
vt 0.2203370 0.9201508
vt 0.0322495 0.9209151
f 180/301/180 214/302/214 215/303/215
vt 0.2225685 0.9052520
vt 0.0296188 0.9052104
f 182/304/182 180/301/180 181/305/181
vt 0.2529245 0.8025275
f 173/298/173 189/306/189 181/296/181
vt 0.0346140 0.8972481
vt 0.2176294 0.8972909
f 182/304/182 189/307/189 183/308/183
vt 0.3247271 0.8472481
vt 0.2528606 0.8025392
vt 0.3289191 0.8025179
f 192/309/192 184/310/184 183/311/183
vt 0.2002706 0.8382977
f 170/294/170 207/293/207 208/312/208
vt 0.3217168 0.8650794
vt 0.2763326 0.9407126
vt 0.2568488 0.8474118
f 208/313/208 187/314/187 191/315/191
vt 0.0425985 0.8565241
vt 0.2091189 0.8536090
f 183/308/183 193/316/193 192/317/192
vt 0.3288964 0.8025003
vt 0.2559671 0.8450484
f 172/318/172 193/319/193 189/306/189
f 208/313/208 191/315/191 170/282/170
vt 0.0873089 0.7781041
f 188/320/188 192/317/192 193/316/193
vt 0.0430687 0.8543906
vt 0.1637790 0.7761545
f 191/321/191 188/322/188 190/286/190
vt 0.2082369 0.8531993
vt 0.0880490 0.7772653
vt 0.1693970 0.7862510
f 186/323/186 199/324/199 198/325/198
vt 0.2910369 0.9214604
vt 0.2564885 0.8475341
vt 0.3254633 0.8463048
f 198/326/198 207/327/207 186/328/186
vt 0.3035047 0.9699732
vt 0.3060097 0.9380653
f 194/329/194 187/314/187 197/330/197
vt 0.1561939 0.7443059
vt 0.0909265 0.7701202
vt 0.0961272 0.7399610
f 195/331/195 187/332/187 196/333/196
vt 0.2784653 0.9717807
f 194/329/194 196/334/196 187/314/187
vt 0.2808842 0.9698559
vt 0.2745058 0.9327844
vt 0.3060858 0.9394697
f 200/335/200 199/336/199 204/337/204
vt 0.1573815 0.7568775
vt 0.0961115 0.7420262
f 201/338/201 199/324/199 200/339/200
vt 0.3034360 0.9717836
vt 0.2783953 0.9699497
vt 0.2914119 0.9526656
f 202/340/202 206/341/206 201/342/201
vt 0.1560768 0.7399630
f 201/338/201 200/339/200 202/343/202
vt 0.0997271 0.7438686
vt 0.1561294 0.7399946
vt 0.1616961 0.7715752
f 205/344/205 203/345/203 204/346/204
vt 0.1627586 0.7734725
vt 0.0961748 0.7415854
vt 0.1563131 0.7416600
f 197/347/197 206/348/206 194/349/194
vt 0.0832932 0.7856340
f 208/312/208 198/350/198 197/347/197
vt 0.3289310 0.8025298
vt 0.2529490 0.8025262
f 209/351/209 207/327/207 169/352/169
vt 0.2176157 0.8972582
vt 0.0347172 0.8972665
f 209/353/209 211/278/211 184/354/184
vt 0.0414287 0.8585743
f 209/353/209 185/355/185 186/323/186
vt 0.2508307 0.7934030
vt 0.3310623 0.7933977
f 183/311/183 211/356/211 182/357/182
vt 0.2509674 0.7829037
vt 0.3310721 0.7828906
f 182/357/182 167/358/167 212/359/212
vt 0.2518088 0.7770340
f 213/360/213 212/359/212 167/358/167
vt 0.2198626 0.9211335
vt 0.0323047 0.9208995
vt 0.2217139 0.9170731
f 165/361/165 213/362/213 166/363/166
vt 0.3301000 0.7778277
f 213/360/213 158/259/158 214/364/214
f 215/262/215 220/249/220 161/300/161
vt 0.0435976 0.9407707
vt 0.2126986 0.9323014
f 155/254/155 216/365/216 219/366/219
vt 0.2107518 0.9369469
f 143/225/143 218/367/218 142/226/142
vt 0.3260565 0.7592492
vt 0.2541943 0.7635291
vt 0.2584580 0.7392766
f 218/368/218 159/369/159 141/370/141
vt 0.3231803 0.7376432
f 218/368/218 141/370/141 142/371/142
vt 0.2552776 0.7586389
vt 0.3275895 0.7639803
vt 0.2517848 0.7770173
f 217/372/217 219/373/219 163/374/163
vt 0.0418457 0.9362549
f 217/375/217 164/271/164 218/367/218
vt 0.3299338 0.7770870
f 159/369/159 218/368/218 164/376/164
f 168/279/168 209/351/209 169/352/169
vt 0.0483246 0.9556830
vt 0.2018391 0.9599781
vt 0.0506389 0.9611450
f 141/377/141 149/378/149 140/379/140
f 152/246/152 144/231/144 151/247/151
vt 0.8325870 0.8668659
vt 0.8307700 0.9685426
vt 0.7707264 0.8668528
f 235/380/235 222/381/222 236/382/236
vt 0.7480786 0.9512874
vt 0.7479543 0.8919696
f 222/381/222 231/383/231 230/384/230
vt 0.6317933 0.7765484
vt 0.6507686 0.7550833
vt 0.6480436 0.8517216
f 229/385/229 228/386/228 224/387/224
vt 0.4582380 0.0290210
vt 0.4613871 0.0193060
vt 0.5166445 0.0290407
f 223/388/223 230/389/230 229/390/229
vt 0.5203646 0.0193085
f 229/390/229 230/389/230 231/391/231
vt 0.5527680 0.0193139
f 232/392/232 229/390/229 231/391/231
vt 0.5526636 0.0296279
vt 0.6148912 0.0193153
vt 0.6149610 0.0290407
f 228/393/228 222/394/222 227/395/227
vt 0.6472951 0.0193637
f 233/396/233 227/395/227 222/394/222
vt 0.6468826 0.0296808
vt 0.7093470 0.0194341
vt 0.7115238 0.0296529
f 226/397/226 234/398/234 225/399/225
vt 0.3481538 0.0296278
vt 0.3316071 0.0194541
vt 0.3636715 0.0193156
f 225/400/225 234/401/234 235/402/235
vt 0.4260809 0.0296686
vt 0.4257978 0.0193185
f 224/403/224 235/402/235 236/404/236
f 236/404/236 223/388/223 224/403/224
vt 0.1891340 0.1426040
vt 0.1613463 0.1789793
vt 0.1833542 0.1375177
f 249/405/249 239/406/239 237/407/237
vt 0.1714804 0.1342274
f 237/407/237 239/406/239 243/408/243
vt 0.1936437 0.1518429
f 248/409/248 239/406/239 249/405/249
vt 0.1924159 0.1668029
f 238/410/238 239/406/239 248/409/248
vt 0.1813196 0.1792314
f 247/411/247 239/406/239 238/410/238
vt 0.1479329 0.1625414
vt 0.1525410 0.1726270
f 240/412/240 239/406/239 246/413/246
vt 0.1481910 0.1507420
f 245/414/245 239/406/239 240/412/240
vt 0.1512005 0.1444228
f 241/415/241 239/406/239 245/414/245
vt 0.1578854 0.1378281
f 242/416/242 239/406/239 241/415/241
f 243/408/243 239/406/239 242/416/242
vt 0.1302535 0.3430442
vt 0.1466890 0.3429004
vt 0.1533040 0.3707032
f 237/417/237 243/418/243 242/419/242
vt 0.1879409 0.3768919
vt 0.1895991 0.3432706
vt 0.2062444 0.3429464
f 244/420/244 245/421/245 240/422/240
vt 0.2228058 0.3728206
f 246/423/246 244/420/244 240/422/240
vt 0.2564313 0.3677127
vt 0.2365567 0.3428822
f 247/424/247 246/423/246 239/425/239
vt 0.0812712 0.3714044
vt 0.0830389 0.3429534
vt 0.1113962 0.3662691
f 247/426/247 238/427/238 248/428/248
f 242/419/242 248/428/248 237/417/237
vt 0.1190336 0.3432708
f 248/428/248 249/429/249 237/417/237
vt 0.5364397 0.2176976
vt 0.5357603 0.2379161
vt 0.5297530 0.2178282
f 251/430/251 250/431/250 252/432/252
vt 0.5350148 0.4396679
vt 0.5357928 0.3659020
vt 0.5367072 0.4248212
f 253/433/253 254/434/254 256/435/256
vt 0.8349683 0.8377845
vt 0.8179336 0.8468192
vt 0.8350816 0.7893289
f 253/436/253 256/437/256 251/438/251
vt 0.8206646 0.7752106
f 256/437/256 250/439/250 251/438/251
vt 0.7629824 0.7802986
f 255/440/255 250/439/250 256/437/256
vt 0.7626459 0.8470784
f 254/441/254 255/440/255 256/437/256
vt 0.9343266 0.9739605
vt 0.8895022 0.9732059
vt 0.9021321 0.9064238
f 259/442/259 257/443/257 260/444/260
vt 0.9550855 0.9732770
vt 0.9057248 0.9748420
vt 0.9394213 0.9132594
f 257/445/257 258/446/258 265/447/265
vt 0.8765287 0.9196222
vt 0.9088727 0.9096626
f 261/448/261 264/449/264 258/446/258
vt 0.9681350 0.9786100
vt 0.9706238 0.9160988
f 258/450/258 259/442/259 261/451/261
vt 0.9075324 0.8675324
f 261/448/261 266/452/266 264/449/264
vt 0.9311633 0.9163545
vt 0.9218718 0.8631165
f 262/453/262 260/444/260 267/454/267
vt 0.8777355 0.9031038
f 263/455/263 267/454/267 260/444/260
vt 0.9349794 0.8576717
f 264/449/264 267/456/267 265/447/265
f 264/449/264 266/452/266 267/456/267
vt 0.8603398 0.7507267
vt 0.8683024 0.7018036
vt 0.8574999 0.7006624
f 269/457/269 271/458/271 272/459/272
vt 0.9100595 0.7677856
vt 0.9333900 0.7552234
vt 0.9332436 0.7804146
f 279/460/279 278/461/278 274/462/274
vt 0.9253343 0.7785815
vt 0.9407549 0.7551420
vt 0.9435309 0.7804304
f 273/463/273 276/464/276 268/465/268
vt 0.9327049 0.7802661
vt 0.9409041 0.7553109
vt 0.9435325 0.7804680
f 277/466/277 269/467/269 278/468/278
vt 0.8753194 0.7467194
vt 0.8673455 0.6976092
vt 0.8904873 0.7101665
f 273/469/273 272/470/272 281/471/281
vt 0.9099539 0.7678952
vt 0.9357325 0.7597810
vt 0.9325072 0.7801853
f 281/472/281 272/473/272 271/474/271
vt 0.8923057 0.7676173
vt 0.9209963 0.7588094
f 273/463/273 280/475/280 275/476/275
vt 0.9052785 0.7285565
f 281/471/281 280/477/280 273/469/273
vt 0.8905180 0.7101300
vt 0.8686519 0.7487038
vt 0.8649768 0.7092273
f 279/478/279 277/479/277 278/480/278
vt 0.8798175 0.7046742
vt 0.9123410 0.7246720
vt 0.8904691 0.7404643
f 275/481/275 280/482/280 279/483/279
vt 0.0694630 0.1774277
vt 0.0783231 0.1834555
vt 0.0622098 0.1838798
f 285/484/285 283/485/283 284/486/284
vt 0.0905487 0.1785346
vt 0.0960079 0.1860447
f 288/487/288 286/488/286 283/485/283
f 283/485/283 285/484/285 288/487/288
vt 0.1060330 0.1798779
vt 0.1144624 0.1841395
f 287/489/287 284/490/284 286/488/286
vt 0.1032468 0.1839666
vt 0.0814098 0.1852403
vt 0.0872398 0.1791091
f 293/491/293 289/492/289 294/493/294
vt 0.0716202 0.1790477
f 294/493/294 289/492/289 292/494/292
vt 0.8530334 0.3132874
vt 0.8316824 0.3226205
vt 0.8137223 0.3137580
f 349/495/349 296/496/296 365/497/365
vt 0.8868438 0.2803295
vt 0.8682212 0.2990879
vt 0.8890535 0.2479323
f 298/498/298 348/499/348 373/500/373
vt 0.9833990 0.5928988
vt 0.9685217 0.6528116
vt 0.9684857 0.5724005
f 302/501/302 393/502/393 300/503/300
vt 0.8062209 0.0859515
vt 0.7535771 0.0534297
vt 0.8230463 0.0885657
f 304/504/304 379/505/379 305/506/305
vt 0.7369440 0.0598071
vt 0.6858899 0.0555732
f 306/507/306 381/508/381 379/505/379
vt 0.6659742 0.0715636
vt 0.6235913 0.0905633
f 381/508/381 307/509/307 308/510/308
vt 0.6289094 0.0981741
f 309/511/309 308/510/308 307/509/307
vt 0.6144475 0.1242796
f 310/512/310 308/510/308 309/511/309
vt 0.6037088 0.1405572
f 308/510/308 310/512/310 311/513/311
vt 0.6122816 0.1574095
vt 0.6124649 0.1800067
f 372/514/372 386/515/386 311/513/311
vt 0.6308638 0.1860708
f 312/516/312 386/515/386 372/514/372
vt 0.6519261 0.2024540
vt 0.6766676 0.1921023
vt 0.6951861 0.1928907
f 371/517/371 370/518/370 313/519/313
vt 0.6920365 0.1848326
vt 0.7042316 0.1862674
vt 0.7093734 0.1455646
f 316/520/316 315/521/315 317/522/317
vt 0.9410107 0.5043358
vt 0.9558819 0.4922753
vt 0.9559741 0.5234697
f 315/523/315 313/524/313 314/525/314
vt 0.7578594 0.1322904
vt 0.7373000 0.1100314
vt 0.7071005 0.1075693
f 323/526/323 322/527/322 319/528/319
vt 0.9274060 0.3188892
vt 0.9129342 0.2900855
vt 0.9274918 0.2791866
f 327/529/327 325/530/325 324/531/324
vt 0.9410403 0.5111036
vt 0.9558655 0.5255340
vt 0.9410601 0.5398964
f 324/532/324 323/533/323 327/534/327
vt 0.9557624 0.5830529
vt 0.9413288 0.5823945
f 327/534/327 319/535/319 328/536/328
vt 0.9276678 0.3863429
vt 0.9129034 0.3363917
vt 0.9272460 0.3467363
f 320/537/320 322/538/322 326/539/326
f 322/538/322 327/529/327 326/539/326
vt 0.9130496 0.2271228
vt 0.9274018 0.2264645
f 324/531/324 330/540/330 329/541/329
vt 0.9274133 0.2011972
vt 0.9273280 0.1488623
f 329/542/329 330/540/330 331/543/331
vt 0.9558743 0.4590907
vt 0.9410318 0.4604566
vt 0.9409264 0.3749391
f 332/544/332 329/545/329 334/546/334
vt 0.9409986 0.3264735
vt 0.9558582 0.3603107
f 365/547/365 335/548/335 334/546/334
vt 0.9410490 0.2637258
vt 0.9559083 0.3311546
f 337/549/337 336/550/336 365/547/365
vt 0.8599030 0.3590394
f 365/497/365 296/496/296 337/551/337
vt 0.9273760 0.3848149
vt 0.9131003 0.3602600
vt 0.9276307 0.3516976
f 296/552/296 339/553/339 341/554/341
vt 0.9128743 0.3242109
vt 0.9274017 0.3206913
f 341/554/341 340/555/340 342/556/342
vt 0.8975477 0.4739396
vt 0.8901361 0.4070145
vt 0.8706698 0.3703986
f 356/557/356 343/558/343 340/559/340
vt 0.8904167 0.2792993
vt 0.8972262 0.2383016
f 299/560/299 356/557/356 300/561/300
vt 0.9833428 0.5378766
vt 0.9685024 0.3835434
vt 0.9833725 0.3826072
f 344/562/344 356/563/356 347/564/347
vt 0.8916171 0.2837725
vt 0.9007910 0.4323405
vt 0.8901294 0.4072204
f 345/565/345 347/566/347 346/567/346
vt 0.9683921 0.2045411
vt 0.9833308 0.2189351
f 347/564/347 364/568/364 352/569/352
vt 0.9134183 0.2820274
vt 0.9268327 0.2820911
f 342/556/342 343/570/343 346/571/346
vt 0.9133800 0.1553465
vt 0.9272031 0.1596971
f 346/571/346 299/572/299 345/573/345
vt 0.9271043 0.1519219
f 299/572/299 298/574/298 345/573/345
f 300/503/300 344/562/344 302/501/302
vt 0.8517641 0.3111728
vt 0.8292977 0.3251349
vt 0.8579553 0.3134563
f 295/575/295 338/576/338 350/577/350
vt 0.9129847 0.1076597
vt 0.9272619 0.0797320
vt 0.9275064 0.1046585
f 350/578/350 296/579/296 349/580/349
vt 0.9271753 0.1251121
f 297/581/297 350/578/350 349/580/349
vt 0.9131659 0.1447837
f 298/574/298 351/582/351 297/581/297
vt 0.9832186 0.1135363
vt 0.9688415 0.1110064
vt 0.9695140 0.0769290
f 301/583/301 373/584/373 348/585/348
vt 0.8757144 0.2918245
f 295/575/295 350/577/350 351/586/351
vt 0.9131982 0.0690239
vt 0.9274533 0.0491365
vt 0.9274303 0.0763779
f 295/587/295 348/588/348 349/589/349
vt 0.8899363 0.4496425
f 353/590/353 346/567/346 347/566/347
vt 0.8904472 0.5947990
vt 0.8982071 0.6005746
f 354/591/354 347/566/347 352/592/352
vt 0.9558879 0.0355591
vt 0.9411236 0.1683886
vt 0.9411360 0.0263337
f 355/593/355 353/594/353 354/595/354
vt 0.9833688 0.0666878
vt 0.9683877 0.0529327
vt 0.9833797 0.0356534
f 363/596/363 355/597/355 354/598/354
vt 0.9833193 0.0901493
vt 0.9685768 0.0872963
f 358/599/358 357/600/357 363/596/363
vt 0.9685384 0.1304206
vt 0.9843116 0.1178281
vt 0.9835658 0.1481831
f 359/601/359 360/602/360 358/603/358
vt 0.8457805 0.6633849
vt 0.8707119 0.6528814
vt 0.8401307 0.6529042
f 359/604/359 362/605/362 361/606/361
vt 0.8640789 0.6494439
f 362/605/362 357/607/357 361/606/361
vt 0.9684048 0.1576062
vt 0.9833160 0.1789676
f 362/608/362 358/603/358 363/609/363
f 352/569/352 364/568/364 363/609/363
vt 0.9684200 0.1150845
f 360/602/360 361/610/361 358/599/358
vt 0.9558429 0.2496257
f 353/594/353 340/611/340 337/549/337
vt 0.9130555 0.1091269
vt 0.9274004 0.1066212
f 331/543/331 366/612/366 365/613/365
vt 0.8080280 0.3134181
vt 0.8121799 0.3102810
vt 0.7890545 0.2878262
f 336/614/336 366/615/366 335/616/335
vt 0.7884608 0.2798038
vt 0.7830313 0.2803257
f 331/617/331 365/497/365 334/618/334
vt 0.7812513 0.2638158
vt 0.7882505 0.2007349
f 333/619/333 335/616/335 330/620/330
f 329/545/329 332/544/332 324/532/324
vt 0.7822334 0.1936654
vt 0.7701355 0.1391292
f 332/621/332 325/622/325 323/526/323
vt 0.9762371 0.6991675
vt 0.9832696 0.7472600
vt 0.9687975 0.7467031
f 317/623/317 321/624/321 320/625/320
vt 0.7067543 0.1335738
vt 0.6859591 0.0960861
vt 0.7073387 0.1079622
f 317/626/317 320/627/320 328/628/328
vt 0.9410932 0.5542865
vt 0.9559577 0.5541003
f 367/629/367 314/525/314 318/630/318
vt 0.9558691 0.5849721
f 367/629/367 318/630/318 328/631/328
vt 0.9829152 0.6486046
vt 0.9689139 0.6704012
vt 0.9715363 0.6331782
f 316/632/316 314/633/314 370/634/370
vt 0.6488615 0.2012324
vt 0.6626852 0.1938947
f 368/635/368 316/520/316 369/636/369
vt 0.9559439 0.4477446
f 315/523/315 371/637/371 313/524/313
vt 0.6538550 0.1932727
vt 0.6202943 0.1810131
f 368/635/368 370/638/370 387/639/387
vt 0.8702561 0.1598827
vt 0.8954390 0.2234160
f 373/500/373 303/640/303 302/641/302
vt 0.9688919 0.2005454
f 301/583/301 303/642/303 373/584/373
vt 0.8891660 0.2471875
vt 0.8804362 0.1662853
vt 0.8720185 0.1700642
f 301/643/301 393/644/393 374/645/374
vt 0.8348373 0.1125515
f 393/644/393 375/646/375 374/645/374
vt 0.9410753 0.1406091
vt 0.9559278 0.1114167
vt 0.9559735 0.1666946
f 377/647/377 305/648/305 379/649/379
vt 0.7601423 0.0641576
vt 0.7259611 0.0518047
vt 0.7395108 0.0604394
f 391/650/391 380/651/380 378/652/378
vt 0.9558517 0.2338413
vt 0.9410465 0.1943774
f 381/653/381 380/654/380 379/649/379
vt 0.9830993 0.3972108
vt 0.9688702 0.4420760
vt 0.9688675 0.3701470
f 390/655/390 307/656/307 306/657/306
vt 0.6617641 0.0736795
vt 0.7105510 0.0603384
f 380/651/380 389/658/389 390/659/390
vt 0.6665822 0.0619593
vt 0.6266800 0.0898707
f 382/660/382 388/661/388 389/658/389
vt 0.9411545 0.2546736
vt 0.9559695 0.3060387
f 382/662/382 381/653/381 308/663/308
vt 0.9829347 0.4950737
vt 0.9690031 0.5182657
vt 0.9689537 0.4883521
f 383/664/383 310/665/310 309/666/309
vt 0.9830245 0.5348625
vt 0.9690164 0.5508605
f 385/667/385 372/668/372 310/665/310
vt 0.9410483 0.3397088
vt 0.9559259 0.3622103
f 384/669/384 308/663/308 311/670/311
vt 0.6063853 0.1206512
vt 0.6092983 0.1440864
vt 0.6248710 0.1034743
f 384/671/384 385/672/385 383/673/383
vt 0.9830363 0.5794681
vt 0.9689190 0.5853778
f 387/674/387 312/675/312 372/668/372
vt 0.9405059 0.4450952
vt 0.9560299 0.4017461
f 368/676/368 386/677/386 371/637/371
vt 0.9409645 0.3995524
f 387/678/387 311/670/311 386/677/386
f 388/661/388 383/673/383 389/658/389
vt 0.9830086 0.4486069
f 389/679/389 309/666/309 307/656/307
f 378/652/378 380/651/380 390/659/390
vt 0.9829165 0.3170367
vt 0.9688715 0.2967280
f 392/680/392 306/657/306 304/681/304
vt 0.7901214 0.0762615
vt 0.7782355 0.0628517
f 392/682/392 377/683/377 391/650/391
vt 0.8308675 0.0958073
f 376/684/376 377/683/377 392/682/392
f 376/684/376 392/682/392 375/646/375
vt 0.9830660 0.2601482
f 375/685/375 304/681/304 303/642/303
vt 0.9835181 0.7414989
vt 0.9685142 0.7373627
f 393/502/393 305/686/305 376/687/376
vt 0.9833100 0.6612291
f 393/502/393 303/688/303 305/686/305
vt 0.1059022 0.1401228
vt 0.0940517 0.1480839
vt 0.0840013 0.1427876
f 395/689/395 399/690/399 396/691/396
vt 0.1180508 0.1457388
vt 0.1080967 0.1487378
f 397/692/397 398/693/398 395/689/395
vt 0.0730942 0.1494328
vt 0.0638174 0.1455757
f 396/691/396 394/694/394 397/695/397
vt 0.5578244 0.3818324
vt 0.5557404 0.3614219
vt 0.5586379 0.3602773
f 415/696/415 400/697/400 402/698/402
vt 0.5574477 0.3104083
vt 0.5586248 0.3262911
f 400/697/400 403/699/403 401/700/401
f 400/697/400 401/700/401 402/698/402
vt 0.2930248 0.1670555
vt 0.2923989 0.1827973
vt 0.2667951 0.1738784
f 407/701/407 408/702/408 405/703/405
vt 0.5551558 0.2707297
vt 0.5586655 0.2693426
f 403/699/403 406/704/406 407/705/407
vt 0.2223160 0.1633348
vt 0.2456985 0.1338350
vt 0.2207187 0.1293906
f 407/706/407 404/707/404 403/708/403
vt 0.2750000 0.1738126
vt 0.2931542 0.1642714
vt 0.2933169 0.1828507
f 411/709/411 409/710/409 410/711/410
vt 0.2576395 0.1451773
vt 0.2455790 0.1574911
vt 0.2453671 0.1371543
f 412/712/412 411/713/411 413/714/413
vt 0.2547794 0.1753116
vt 0.2541752 0.1720310
vt 0.2684823 0.1732559
f 417/715/417 412/716/412 413/717/413
vt 0.2474141 0.1362982
vt 0.2213451 0.1617997
vt 0.2214887 0.1283618
f 404/718/404 402/719/402 401/720/401
vt 0.5557332 0.4255745
vt 0.5586475 0.4163729
vt 0.5586590 0.4405718
f 414/721/414 410/722/410 409/723/409
vt 0.5576947 0.4727070
f 408/724/408 414/721/414 409/723/409
f 414/721/414 415/696/415 410/722/410
vt 0.2211187 0.1283720
vt 0.2206420 0.1615451
f 415/725/415 411/713/411 410/726/410
vt 0.3618269 0.0836748
vt 0.3635316 0.0992598
vt 0.3574930 0.0890937
f 416/727/416 412/728/412 418/729/418
vt 0.3610306 0.1153713
vt 0.3573796 0.1038275
f 417/730/417 419/731/419 412/728/412
vt 0.2450144 0.1334648
vt 0.2572727 0.1452500
vt 0.2425469 0.1551575
f 411/732/411 412/733/412 405/734/405
vt 0.2544409 0.1756202
vt 0.2542084 0.1724633
f 412/735/412 416/736/416 405/703/405
vt 0.2542454 0.1727016
vt 0.2697704 0.1742867
vt 0.2541423 0.1754331
f 417/737/417 404/738/404 416/739/416
vt 0.3607892 0.1233963
vt 0.3546162 0.1246388
f 416/740/416 418/741/418 417/730/417
vt 0.3282706 0.5144120
vt 0.0381018 0.5185346
vt 0.0327101 0.5028697
f 424/742/424 421/743/421 420/744/420
vt 0.3231176 0.6331590
vt 0.3225595 0.5261791
f 423/745/423 422/746/422 424/742/424
vt 0.3286256 0.6416110
f 510/747/510 423/745/423 424/742/424
vt 0.3231559 0.5011312
vt 0.3294578 0.4616784
f 426/748/426 487/749/487 424/742/424
f 420/744/420 426/748/426 424/742/424
vt 0.0403464 0.4568103
vt 0.0387549 0.4899988
f 420/744/420 428/750/428 427/751/427
vt 0.0358556 0.4433865
vt 0.3245395 0.4725014
f 488/752/488 458/753/458 428/750/428
vt 0.0173086 0.5112191
vt 0.0195498 0.7952542
vt 0.0156823 0.7953228
f 458/754/458 429/755/429 428/756/428
vt 0.0408225 0.2818086
vt 0.3282514 0.2538577
vt 0.3338060 0.2642540
f 430/757/430 458/758/458 431/759/431
vt 0.0438149 0.4139298
vt 0.3328369 0.4348554
vt 0.0406610 0.4250327
f 433/760/433 430/761/430 431/762/431
vt 0.0387648 0.3022308
vt 0.0435692 0.3134928
f 431/762/431 434/763/434 432/764/432
vt 0.3318079 0.0899441
vt 0.3269297 0.0804226
vt 0.3282806 0.0523781
f 435/765/435 499/766/499 498/767/498
vt 0.3308133 0.2161221
vt 0.3269338 0.1029138
f 437/768/437 501/769/501 435/765/435
vt 0.3269602 0.2257599
vt 0.3282409 0.2538159
f 503/770/503 437/768/437 505/771/505
vt 0.0435452 0.3134932
vt 0.0438102 0.4139300
vt 0.0401559 0.4250373
f 439/772/439 440/773/440 438/774/438
vt 0.0193710 0.5113440
vt 0.0157124 0.4830157
vt 0.0195620 0.4829769
f 442/775/442 444/776/444 452/777/452
vt 0.3245448 0.6809587
vt 0.3232235 0.6523557
f 423/745/423 444/778/444 443/779/443
vt 0.0433403 0.3130904
vt 0.0380431 0.4265792
vt 0.0380614 0.3005392
f 448/780/448 445/781/445 508/782/508
vt 0.0157129 0.1445400
vt 0.0195562 0.4284030
vt 0.0157321 0.4284020
f 512/783/512 440/784/440 448/785/448
vt 0.0157654 0.0287558
vt 0.0195609 0.1444802
f 449/786/449 515/787/515 512/783/512
vt 0.0157294 0.8128527
vt 0.0195639 0.5292097
vt 0.0195555 0.8127871
f 449/788/449 439/789/439 450/790/450
vt 0.3322756 0.2925251
vt 0.3276648 0.3057677
f 439/772/439 451/791/451 450/792/450
vt 0.0405724 0.0244393
vt 0.3282375 0.0523049
vt 0.0444356 0.0367833
f 451/793/451 452/794/452 453/795/453
vt 0.0195585 0.1990981
f 444/776/444 453/796/453 452/777/452
vt 0.0195476 0.1662935
vt 0.0157157 0.1989823
vt 0.0157370 0.1662474
f 476/797/476 477/798/477 475/799/475
vt 0.0394584 0.0816384
vt 0.3269707 0.0803945
vt 0.3309172 0.0900144
f 471/800/471 442/801/442 454/802/454
vt 0.3264403 0.1029246
f 456/803/456 471/800/471 454/802/454
vt 0.3269284 0.2032651
vt 0.3318024 0.2161922
f 455/804/455 454/802/454 457/805/457
vt 0.0157116 0.4828706
vt 0.0195516 0.4828497
f 458/754/458 426/806/426 459/807/459
vt 0.0195625 0.1988501
f 426/806/426 460/808/460 459/807/459
vt 0.0156673 0.1660004
vt 0.0157053 0.1987484
f 428/809/428 460/808/460 427/810/427
vt 0.0427460 0.2369002
vt 0.0443409 0.2693503
f 430/757/430 460/811/460 429/812/429
vt 0.3279302 0.4215588
vt 0.3276752 0.3058174
vt 0.3306756 0.2927471
f 461/813/461 513/814/513 462/815/462
vt 0.0425896 0.0952078
vt 0.0422925 0.2109010
vt 0.0391997 0.0818019
f 517/816/517 465/817/465 464/818/464
vt 0.3276967 0.4215857
vt 0.3280600 0.3063420
vt 0.3308645 0.4345591
f 515/819/515 470/820/470 469/821/469
f 450/792/450 451/791/451 470/820/470
vt 0.0425829 0.2109768
vt 0.0384970 0.2245103
f 471/800/471 473/822/473 472/823/472
f 455/804/455 472/823/472 473/822/473
vt 0.0157541 0.8129479
vt 0.0195697 0.5291116
vt 0.0195537 0.8128557
f 421/824/421 455/825/455 473/826/473
vt 0.0195674 0.1442089
vt 0.0157501 0.0284259
vt 0.0195499 0.0284667
f 516/827/516 421/828/421 473/829/473
vt 0.0157132 0.5289006
vt 0.0193742 0.4282792
f 422/830/422 456/831/456 455/825/455
vt 0.0387467 0.6634102
vt 0.0360135 0.7102776
vt 0.0327002 0.6505165
f 475/832/475 478/833/478 514/834/514
vt 0.0157628 0.7952404
vt 0.0156037 0.5113556
f 442/775/442 475/835/475 443/836/443
vt 0.0195541 0.7952056
f 442/775/442 476/837/476 475/835/475
f 514/834/514 443/779/443 475/832/475
vt 0.3300939 0.6924530
f 478/833/478 444/778/444 445/838/445
vt 0.3278936 0.4217455
vt 0.3331789 0.4343269
f 445/781/445 449/839/449 478/840/478
vt 0.3325030 0.2912464
vt 0.3334249 0.2905690
f 509/841/509 479/842/479 478/840/478
vt 0.0330060 0.6496580
vt 0.0323938 0.6518323
vt 0.0326922 0.5038505
f 480/843/480 495/844/495 507/845/507
vt 0.3244753 0.6460807
vt 0.0381018 0.6349393
vt 0.3226210 0.6272400
f 482/846/482 481/847/481 501/848/501
vt 0.3279991 0.5153126
f 501/848/501 483/849/483 482/846/482
vt 0.3286321 0.6416603
f 485/850/485 482/846/482 483/849/483
vt 0.0375545 0.3003132
vt 0.0392048 0.3006682
vt 0.0380518 0.4238800
f 425/851/425 487/852/487 486/853/486
vt 0.3278757 0.3053918
vt 0.0434031 0.3129916
f 487/852/487 489/854/489 490/855/490
vt 0.0157154 0.1445008
vt 0.0195602 0.4283786
vt 0.0157047 0.4284455
f 489/856/489 433/857/433 490/858/490
vt 0.3278852 0.4217276
vt 0.3321706 0.4360965
f 486/853/486 491/859/491 493/860/493
vt 0.3335468 0.4365749
vt 0.3330074 0.2939941
f 494/861/494 493/860/493 488/862/488
f 489/854/489 493/860/493 491/859/491
vt 0.0368637 0.7095739
vt 0.0352951 0.7105591
f 493/863/493 494/864/494 495/844/495
f 493/863/493 495/844/495 480/843/480
vt 0.0403087 0.6966578
vt 0.0386905 0.6635087
f 497/865/497 480/843/480 496/866/496
vt 0.0193581 0.5113882
vt 0.0195527 0.7951866
vt 0.0157617 0.7952589
f 499/867/499 500/868/500 496/869/496
vt 0.0155859 0.5113446
f 499/867/499 496/869/496 482/870/482
vt 0.0195565 0.1989911
vt 0.0157267 0.1662447
vt 0.0195521 0.1662527
f 463/871/463 496/872/496 500/873/500
f 464/818/464 499/766/499 435/765/435
f 501/769/501 464/818/464 435/765/435
vt 0.0157127 0.1445232
vt 0.0195593 0.0287564
vt 0.0195570 0.1445186
f 481/874/481 465/875/465 517/876/517
vt 0.0157308 0.8128906
vt 0.0195630 0.5291348
vt 0.0195558 0.8127962
f 502/877/502 436/878/436 465/879/465
vt 0.3264866 0.2033083
vt 0.0382507 0.2245762
f 436/880/436 466/881/466 465/817/465
vt 0.0431351 0.2368303
f 466/881/466 503/770/503 468/882/468
vt 0.0157008 0.4830050
vt 0.0173103 0.1989671
vt 0.0195573 0.4829915
f 504/883/504 468/884/468 503/885/503
vt 0.0173269 0.5112892
vt 0.0195491 0.7951919
vt 0.0157485 0.7952643
f 505/886/505 467/887/467 506/888/506
vt 0.0368622 0.4438891
vt 0.0387737 0.4900478
f 509/889/509 468/890/468 507/845/507
vt 0.3231784 0.5011065
f 507/845/507 504/891/504 483/849/483
vt 0.0380645 0.5185520
f 483/849/483 502/892/502 507/845/507
f 507/845/507 481/847/481 480/843/480
vt 0.3245884 0.4725092
vt 0.0402774 0.4568536
f 509/889/509 505/893/505 506/894/506
vt 0.3286372 0.5118380
vt 0.3301029 0.4610444
f 511/895/511 483/849/483 508/896/508
f 505/893/505 483/849/483 504/891/504
vt 0.3278944 0.3053861
f 508/782/508 512/897/512 448/780/448
f 478/840/478 512/897/512 509/841/509
vt 0.0408210 0.2818087
vt 0.3336638 0.2642246
f 469/898/469 505/771/505 438/899/438
f 440/773/440 469/821/469 438/774/438
f 503/885/503 505/886/505 504/883/504
vt 0.0174776 0.4284010
vt 0.0157077 0.5290421
f 501/900/501 436/878/436 484/901/484
f 480/843/480 482/846/482 496/866/496
vt 0.3303138 0.6921586
vt 0.3245495 0.6809325
f 482/846/482 486/902/486 498/903/498
f 493/863/493 498/903/498 486/902/486
vt 0.0403928 0.0244510
vt 0.0444504 0.0368022
f 462/904/462 498/767/498 463/905/463
f 432/764/432 462/815/462 513/814/513
vt 0.0157219 0.8128689
vt 0.0195778 0.5291162
vt 0.0195522 0.8128305
f 491/906/491 432/907/432 513/908/513
vt 0.0157103 0.5290180
f 490/858/490 432/907/432 492/909/492
vt 0.0433795 0.4141119
f 487/852/487 492/910/492 486/853/486
vt 0.0195634 0.1444746
vt 0.0157703 0.0286937
vt 0.0195509 0.0287744
f 461/911/461 491/912/491 513/913/513
f 421/743/421 514/834/514 420/744/420
vt 0.3269663 0.2257665
f 472/823/472 459/914/459 460/811/460
vt 0.0157101 0.5290629
f 440/784/440 446/915/446 448/785/448
f 2/54/2 4/1/4 3/22/3
vt 0.3608188 0.2319577
f 35/916/35 21/32/21 5/4/5
f 5/4/5 21/32/21 10/7/10
f 6/8/6 48/5/48 10/7/10
vt 0.4770191 0.2394091
f 6/10/6 7/917/7 15/11/15
vt 0.3668203 0.1939083
f 7/918/7 8/25/8 15/24/15
vt 0.4643835 0.1896512
f 52/28/52 22/30/22 21/919/21
f 21/32/21 9/14/9 10/7/10
vt 0.3721960 0.1558431
vt 0.3489459 0.1636662
f 11/23/11 57/920/57 12/921/12
vt 0.5085145 0.2282677
vt 0.4955992 0.2279490
f 12/922/12 14/18/14 11/923/11
f 19/16/19 14/18/14 12/922/12
f 15/11/15 14/18/14 13/15/13
f 19/19/19 18/21/18 17/27/17
vt 0.3546076 0.1774358
f 11/23/11 14/924/14 15/24/15
f 18/21/18 20/20/20 13/26/13
f 4/1/4 13/26/13 20/20/20
f 57/920/57 11/23/11 58/69/58
f 11/23/11 9/29/9 52/28/52
vt 0.4716701 0.1610173
vt 0.4639200 0.1662880
f 23/925/23 50/926/50 51/34/51
vt 0.4693470 0.1697640
f 24/927/24 23/925/23 51/34/51
vt 0.4749605 0.1580283
f 56/928/56 23/925/23 24/927/24
vt 0.4713670 0.1708240
f 56/928/56 24/927/24 25/929/25
f 56/928/56 25/929/25 26/33/26
f 25/929/25 24/927/24 51/34/51
f 26/33/26 25/929/25 51/34/51
f 56/928/56 26/33/26 27/35/27
f 30/38/30 51/34/51 31/66/31
vt 0.5085136 0.6935117
f 32/39/32 29/930/29 30/40/30
vt 0.4951370 0.2282020
f 32/39/32 37/41/37 49/931/49
vt 0.4941215 0.6933402
f 30/40/30 31/932/31 37/41/37
f 37/41/37 31/932/31 33/42/33
f 52/28/52 21/919/21 35/44/35
vt 0.4770015 0.6823977
f 33/42/33 35/933/35 5/46/5
f 41/50/41 37/47/37 42/49/42
f 37/47/37 41/50/41 38/52/38
vt 0.4608411 0.1873452
f 5/65/5 47/934/47 42/49/42
vt 0.3810540 0.1872690
f 4/1/4 2/54/2 43/935/43
vt 0.4408561 0.6958477
f 46/57/46 2/936/2 45/58/45
f 43/61/43 2/936/2 46/57/46
f 47/934/47 45/56/45 42/49/42
f 48/5/48 46/57/46 44/59/44
f 36/6/36 44/59/44 47/60/47
f 38/52/38 39/51/39 40/53/40
f 49/63/49 38/52/38 40/53/40
f 38/52/38 49/63/49 37/47/37
f 52/28/52 31/66/31 51/34/51
f 56/928/56 28/36/28 29/37/29
f 56/928/56 27/35/27 28/36/28
f 56/928/56 50/926/50 23/925/23
f 50/926/50 56/928/56 51/34/51
f 54/67/54 58/69/58 11/23/11
f 53/68/53 57/920/57 58/69/58
f 53/68/53 54/67/54 56/928/56
f 55/70/55 56/928/56 54/67/54
f 56/928/56 55/70/55 51/34/51
f 2/54/2 3/22/3 1/55/1
vt 0.8260406 0.7443667
vt 0.8236552 0.7447862
f 60/937/60 59/938/59 61/221/61
f 71/73/71 61/224/61 70/99/70
f 67/74/67 59/78/59 60/75/60
vt 0.2400330 0.5484200
f 72/77/72 64/939/64 59/78/59
vt 0.2507935 0.5499877
f 132/79/132 70/940/70 61/80/61
f 133/85/133 68/97/68 66/86/66
vt 0.8253832 0.6153987
f 74/88/74 71/941/71 68/89/68
vt 0.2513319 0.5501990
f 62/91/62 71/942/71 74/92/74
f 73/94/73 72/207/72 67/95/67
vt 0.5303987 0.6542045
f 62/96/62 67/95/67 63/943/63
vt 0.5486683 0.9476027
f 71/73/71 69/100/69 68/944/68
f 76/109/76 74/88/74 77/102/77
f 75/103/75 134/214/134 82/104/82
vt 0.2194357 0.6088336
f 77/101/77 75/945/75 79/106/79
vt 0.7834506 0.5970522
f 78/108/78 126/946/126 76/109/76
vt 0.1914551 0.5426010
f 80/110/80 87/947/87 78/107/78
f 88/111/88 87/947/87 80/110/80
f 81/113/81 89/136/89 125/114/125
f 81/116/81 82/217/82 83/117/83
f 83/119/83 84/218/84 124/120/124
f 85/122/85 124/197/124 84/123/84
f 86/125/86 95/144/95 85/126/85
f 138/128/138 139/220/139 99/129/99
f 88/131/88 99/146/99 139/132/139
f 88/111/88 125/112/125 122/134/122
f 89/138/89 81/116/81 90/118/90
vt 0.7648248 0.7600958
f 124/120/124 91/948/91 92/141/92
f 92/141/92 91/948/91 94/142/94
vt 0.1836547 0.6101603
f 96/949/96 86/130/86 99/129/99
f 98/148/98 99/146/99 97/147/97
vt 0.1707215 0.5467258
f 105/150/105 100/950/100 123/151/123
vt 0.6054683 0.6625251
f 101/153/101 123/951/123 121/154/121
f 118/156/118 102/189/102 121/157/121
f 89/138/89 93/140/93 118/156/118
vt 0.7510015 0.7526790
f 94/142/94 103/952/103 118/158/118
f 103/159/103 94/199/94 95/160/95
f 96/145/96 120/190/120 104/162/104
f 120/163/120 96/949/96 99/129/99
vt 0.0959750 0.5771013
f 107/191/107 106/165/106 113/953/113
vt 0.6575011 0.7058154
f 108/169/108 110/954/110 111/170/111
vt 0.0898944 0.5784074
vt 0.1091812 0.5590043
f 101/152/101 115/955/115 114/956/114
f 115/178/115 109/177/109 113/193/113
f 116/180/116 120/190/120 107/179/107
f 119/187/119 108/169/108 117/171/117
f 114/956/114 105/150/105 101/152/101
f 119/181/119 103/159/103 104/161/104
f 118/158/118 103/952/103 119/187/119
f 114/166/114 113/193/113 106/167/106
vt 0.6468596 0.8839284
f 110/194/110 109/957/109 112/195/112
f 105/168/105 106/167/106 98/148/98
f 121/154/121 123/951/123 122/137/122
f 123/151/123 100/950/100 97/135/97
f 95/160/95 91/198/91 124/197/124
f 139/132/139 126/946/126 78/108/78
vt 0.5636003 0.6667565
f 137/200/137 129/958/129 128/201/128
f 128/201/128 129/958/129 130/208/130
f 127/203/127 128/206/128 76/204/76
f 73/94/73 128/201/128 72/207/72
vt 0.2204037 0.6087566
f 136/219/136 72/77/72 130/959/130
f 64/222/64 136/209/136 65/211/65
f 75/103/75 131/215/131 134/214/134
f 77/101/77 131/87/131 75/945/75
f 72/77/72 136/219/136 64/939/64
f 131/215/131 66/83/66 70/82/70
f 82/217/82 134/212/134 135/213/135
f 79/105/79 82/104/82 81/113/81
f 135/210/135 136/209/136 84/218/84
vt 0.2162760 0.6088442
f 130/959/130 129/960/129 136/219/136
f 136/219/136 129/960/129 137/124/137
f 85/126/85 137/200/137 127/202/127
f 138/128/138 127/203/127 126/205/126
f 61/221/61 59/938/59 64/222/64
vt 0.2594663 0.7331942
f 142/371/142 141/370/141 140/961/140
vt 0.3222645 0.7321314
f 147/962/147 142/371/142 140/961/140
vt 0.2596160 0.7321666
f 221/258/221 156/257/156 146/963/146
vt 0.3646248 0.9204659
f 148/234/148 145/964/145 221/235/221
vt 0.6043212 0.7698340
f 154/237/154 143/965/143 147/238/147
f 140/239/140 148/234/148 146/236/146
f 148/240/148 149/244/149 144/241/144
f 151/243/151 144/241/144 149/244/149
f 151/243/151 150/245/150 220/249/220
f 155/254/155 154/228/154 156/230/156
vt 0.2585221 0.7381633
f 152/256/152 157/966/157 156/257/156
f 216/260/216 157/966/157 152/256/152
vt 0.2093553 0.9388657
f 159/265/159 161/264/161 220/967/220
f 179/266/179 161/264/161 160/263/160
f 160/268/160 164/376/164 177/269/177
vt 0.0323401 0.9209076
f 164/271/164 163/968/163 162/272/162
f 177/273/177 162/272/162 168/274/168
vt 0.2509640 0.7828803
f 162/969/162 163/374/163 166/280/166
f 160/268/160 159/369/159 164/376/164
f 210/276/210 166/363/166 167/277/167
f 168/279/168 162/969/162 166/280/166
f 170/282/170 191/315/191 175/283/175
f 175/285/175 191/321/191 190/286/190
f 175/285/175 172/287/172 173/288/173
f 176/290/176 171/284/171 175/283/175
f 171/292/171 169/295/169 207/293/207
f 176/275/176 168/274/168 169/295/169
f 176/290/176 174/291/174 178/270/178
f 174/289/174 173/288/173 179/266/179
f 181/296/181 180/299/180 179/297/179
f 180/299/180 215/262/215 161/300/161
vt 0.2226599 0.9157580
f 180/301/180 212/970/212 214/302/214
f 182/304/182 212/970/212 180/301/180
f 173/298/173 172/318/172 189/306/189
f 182/304/182 181/305/181 189/307/189
vt 0.2555620 0.8406053
f 192/309/192 185/971/185 184/310/184
f 208/313/208 197/330/197 187/314/187
f 199/336/199 192/309/192 204/337/204
f 192/309/192 199/336/199 185/971/185
f 183/308/183 189/307/189 193/316/193
vt 0.3254057 0.8471260
f 172/318/172 190/972/190 193/319/193
vt 0.2895994 0.9308813
f 190/972/190 188/973/188 193/319/193
f 204/346/204 192/317/192 188/320/188
f 191/321/191 187/332/187 188/322/188
f 185/355/185 199/324/199 186/323/186
f 195/331/195 188/322/188 187/332/187
vt 0.3032506 0.9673734
vt 0.2783561 0.9682171
f 188/973/188 195/974/195 205/975/205
vt 0.0936147 0.7612889
f 197/347/197 198/350/198 201/976/201
f 201/338/201 198/325/198 199/324/199
vt 0.3034624 0.9717748
f 203/977/203 200/335/200 204/337/204
f 188/320/188 205/344/205 204/346/204
f 197/347/197 201/976/201 206/348/206
f 208/312/208 207/293/207 198/350/198
f 209/351/209 186/328/186 207/327/207
f 209/353/209 210/276/210 211/278/211
f 209/353/209 184/354/184 185/355/185
f 183/311/183 184/310/184 211/356/211
f 182/357/182 211/356/211 167/358/167
f 213/360/213 214/364/214 212/359/212
f 165/361/165 219/366/219 213/362/213
f 215/303/215 214/302/214 158/261/158
f 153/248/153 215/303/215 158/261/158
f 213/360/213 216/260/216 158/259/158
f 155/254/155 157/255/157 216/365/216
f 217/372/217 143/251/143 155/253/155
f 217/372/217 155/253/155 219/373/219
f 143/225/143 217/375/217 218/367/218
vt 0.3301108 0.7768769
f 163/374/163 219/373/219 165/978/165
f 216/365/216 213/362/213 219/366/219
f 217/375/217 163/968/163 164/271/164
f 141/377/141 159/265/159 220/967/220
f 166/363/166 213/362/213 167/277/167
f 168/279/168 210/281/210 209/351/209
f 165/978/165 166/280/166 163/374/163
vt 0.2037580 0.9566739
f 220/967/220 150/979/150 141/377/141
f 141/377/141 150/979/150 149/378/149
f 152/246/152 221/232/221 144/231/144
vt 0.2013520 0.9622695
f 140/379/140 149/378/149 148/980/148
f 230/384/230 236/382/236 222/381/222
vt 0.7707143 0.9741571
f 222/381/222 232/981/232 231/383/231
vt 0.7167606 0.7504355
vt 0.7349061 0.7694392
f 227/982/227 226/983/226 228/386/228
vt 0.6318839 0.8351931
f 224/387/224 223/984/223 229/385/229
f 232/392/232 228/393/228 229/390/229
f 228/393/228 232/392/232 222/394/222
f 233/396/233 226/397/226 227/395/227
f 226/397/226 233/396/233 234/398/234
f 224/403/224 225/400/225 235/402/235
f 236/404/236 230/389/230 223/388/223
vt 0.8555961 0.8895007
f 234/985/234 222/381/222 235/380/235
vt 0.8555520 0.9515952
f 222/381/222 234/985/234 233/986/233
vt 0.1790838 0.3430150
f 241/987/241 244/420/244 242/419/242
f 245/421/245 244/420/244 241/987/241
vt 0.5365203 0.4938505
vt 0.5297529 0.4938737
f 251/988/251 252/989/252 253/433/253
f 262/453/262 259/442/259 260/444/260
f 265/447/265 258/446/258 264/449/264
f 257/443/257 263/455/263 260/444/260
vt 0.9675582 0.9065298
f 263/990/263 257/445/257 265/447/265
f 261/451/261 259/442/259 262/453/262
vt 0.9497761 0.8703786
f 261/451/261 262/453/262 266/991/266
f 262/453/262 267/454/267 266/991/266
f 265/447/265 267/456/267 263/990/263
vt 0.8575024 0.7501511
f 272/470/272 273/469/273 268/992/268
vt 0.8664662 0.7500673
f 269/457/269 270/993/270 271/458/271
vt 0.8867406 0.7416321
f 270/993/270 282/994/282 271/458/271
vt 0.8601983 0.7002816
vt 0.8671498 0.7489517
f 276/995/276 275/481/275 274/996/274
f 273/463/273 275/476/275 276/464/276
vt 0.9345606 0.7550544
f 270/997/270 269/467/269 277/466/277
vt 0.9123583 0.7672379
f 277/466/277 282/998/282 270/997/270
vt 0.8905412 0.7101989
f 281/999/281 271/458/271 282/994/282
vt 0.9052377 0.7284890
f 281/999/281 282/994/282 280/1000/280
vt 0.8904625 0.7404312
f 279/478/279 282/1001/282 277/479/277
vt 0.9068027 0.7275873
f 282/1001/282 279/478/279 280/1002/280
f 279/483/279 274/996/274 275/481/275
vt 0.1183490 0.1767500
f 285/1003/285 284/490/284 287/489/287
f 288/487/288 287/489/287 286/488/286
vt 0.0631379 0.1843781
f 292/494/292 289/492/289 291/1004/291
vt 0.1189991 0.1767666
vt 0.1162487 0.1836727
f 292/1005/292 291/1006/291 293/491/293
vt 0.0981425 0.1792016
f 293/491/293 294/493/294 290/1007/290
f 290/1007/290 292/1005/292 293/491/293
f 366/612/366 349/589/349 365/613/365
f 366/615/366 336/614/336 338/576/338
f 295/575/295 366/615/366 338/576/338
vt 0.8719523 0.3014028
f 297/1008/297 349/495/349 348/499/348
f 298/498/298 297/1008/297 348/499/348
vt 0.9000050 0.2783440
f 302/641/302 344/1009/344 373/500/373
f 344/1009/344 298/498/298 373/500/373
f 298/574/298 299/572/299 351/582/351
f 301/643/301 351/586/351 299/560/299
f 299/560/299 300/561/300 301/643/301
f 303/640/303 304/504/304 305/506/305
f 304/504/304 306/507/306 379/505/379
f 381/508/381 306/507/306 307/509/307
f 312/516/312 371/517/371 386/515/386
f 371/517/371 312/516/312 370/518/370
vt 0.7094788 0.1674807
f 313/519/313 370/518/370 314/1010/314
vt 0.7153144 0.1393673
f 317/626/317 318/1011/318 314/1010/314
vt 0.7158770 0.1379669
vt 0.6859509 0.0967688
f 317/522/317 367/1012/367 321/1013/321
f 319/528/319 322/527/322 321/1013/321
f 323/526/323 325/622/325 322/527/322
vt 0.7502722 0.1200776
vt 0.7262664 0.1056112
f 327/1014/327 328/628/328 326/1015/326
f 327/534/327 323/533/323 319/535/319
vt 0.9131331 0.3842931
f 320/537/320 321/1016/321 322/538/322
f 322/538/322 325/530/325 327/529/327
f 320/627/320 326/1015/326 328/628/328
f 324/532/324 332/544/332 323/533/323
vt 0.7864093 0.2004960
f 334/618/334 329/1017/329 331/617/331
vt 0.9130997 0.1492923
f 331/543/331 330/540/330 335/1018/335
vt 0.9559736 0.3891950
f 334/546/334 333/1019/333 332/544/332
f 365/547/365 336/550/336 335/548/335
vt 0.9559143 0.2915963
f 337/549/337 338/1020/338 336/550/336
vt 0.9132623 0.3872245
f 296/552/296 338/1021/338 339/553/339
vt 0.8517169 0.3408571
f 338/576/338 340/559/340 339/1022/339
vt 0.8579901 0.3478255
f 296/496/296 341/1023/341 337/551/337
f 337/549/337 340/611/340 338/1020/338
f 341/554/341 339/553/339 340/555/340
vt 0.8745878 0.3743193
f 337/551/337 341/1023/341 342/1024/342
f 299/560/299 343/558/343 356/557/356
f 344/562/344 300/503/300 356/563/356
f 345/565/345 344/1009/344 347/566/347
f 345/565/345 298/498/298 344/1009/344
f 347/564/347 356/563/356 364/568/364
vt 0.8870685 0.6161227
vt 0.8956127 0.6166460
f 355/1025/355 364/1026/364 356/557/356
f 342/1024/342 353/590/353 337/551/337
f 353/590/353 342/1024/342 346/567/346
f 342/556/342 340/555/340 343/570/343
f 346/571/346 343/570/343 299/572/299
f 366/612/366 295/587/295 349/589/349
vt 0.9132594 0.0804954
f 350/578/350 338/1027/338 296/579/296
f 297/581/297 351/582/351 350/578/350
vt 0.9130594 0.0433033
vt 0.9134502 0.0280154
f 351/1028/351 301/1029/301 348/588/348
f 295/587/295 351/1028/351 348/588/348
f 354/591/354 353/590/353 347/566/347
vt 0.9558588 0.1682257
f 355/593/355 356/1030/356 353/594/353
vt 0.8822562 0.6368833
f 363/1031/363 354/591/354 352/592/352
f 362/605/362 364/1026/364 355/1025/355
f 362/605/362 355/1025/355 357/607/357
f 358/603/358 362/608/362 359/601/359
f 357/600/357 355/597/355 363/596/363
f 363/609/363 364/568/364 362/608/362
f 358/599/358 361/610/361 357/600/357
f 360/602/360 359/601/359 361/610/361
f 353/594/353 356/1030/356 340/611/340
f 331/543/331 335/1018/335 366/612/366
f 333/619/333 330/620/330 332/621/332
f 335/548/335 333/1019/333 334/546/334
f 332/621/332 330/620/330 325/622/325
f 325/530/325 330/540/330 324/531/324
f 318/1011/318 317/626/317 328/628/328
f 314/525/314 367/629/367 315/523/315
vt 0.9411824 0.5853491
f 319/1032/319 367/629/367 328/631/328
f 319/528/319 321/1013/321 367/1012/367
f 317/522/317 315/521/315 367/1012/367
f 316/632/316 317/623/317 314/633/314
f 368/635/368 315/521/315 316/520/316
f 368/635/368 369/636/369 370/638/370
f 371/637/371 315/523/315 368/676/368
vt 0.9828799 0.6219253
f 369/1033/369 316/632/316 370/634/370
f 387/674/387 370/634/370 312/675/312
f 372/514/372 311/513/311 310/512/310
f 393/644/393 376/684/376 375/646/375
vt 0.9411086 0.0995999
f 305/648/305 377/647/377 376/1034/376
f 380/654/380 377/647/377 379/649/379
f 391/650/391 377/683/377 380/651/380
f 390/655/390 389/679/389 307/656/307
f 382/662/382 380/654/380 381/653/381
f 380/651/380 382/660/382 389/658/389
vt 0.9410388 0.2997948
f 308/663/308 388/1035/388 382/662/382
vt 0.9411486 0.3707847
f 385/1036/385 384/669/384 311/670/311
f 308/663/308 384/669/384 388/1035/388
f 388/661/388 384/671/384 383/673/383
f 311/670/311 387/678/387 385/1036/385
f 385/667/385 387/674/387 372/668/372
f 368/676/368 387/678/387 386/677/386
f 383/664/383 385/667/385 310/665/310
f 389/679/389 383/664/383 309/666/309
vt 0.9829438 0.3684984
f 378/1037/378 390/655/390 306/657/306
vt 0.9829289 0.3467191
f 391/1038/391 378/1037/378 306/657/306
f 392/680/392 391/1038/391 306/657/306
f 375/685/375 392/680/392 304/681/304
vt 0.9831033 0.1897513
f 374/1039/374 375/685/375 303/642/303
f 393/502/393 302/501/302 303/688/303
f 301/643/301 300/561/300 393/644/393
f 301/583/301 374/1039/374 303/642/303
vt 0.1183439 0.1512407
f 394/1040/394 398/693/398 397/692/397
f 399/690/399 394/694/394 396/691/396
f 398/693/398 399/690/399 395/689/395
vt 0.2929126 0.1648916
vt 0.2929906 0.1831489
f 401/1041/401 403/1042/403 404/738/404
vt 0.2472462 0.1524896
f 407/706/407 405/1043/405 404/707/404
vt 0.5579712 0.4878834
vt 0.5551564 0.4928590
f 407/1044/407 406/1045/406 408/724/408
f 415/725/415 413/714/413 411/713/411
vt 0.2929072 0.1649193
vt 0.2926906 0.1824301
f 413/717/413 415/1046/415 402/1047/402
vt 0.2426997 0.1551014
f 402/719/402 404/718/404 413/1048/413
vt 0.2571161 0.1455092
f 404/718/404 417/1049/417 413/1048/413
vt 0.2576467 0.1457753
f 416/1050/416 404/707/404 405/1043/405
vt 0.2216382 0.1611998
f 408/1051/408 411/732/411 405/734/405
vt 0.2207923 0.1293623
f 408/1051/408 409/1052/409 411/732/411
f 412/728/412 419/731/419 418/729/418
f 418/741/418 419/731/419 417/730/417
f 424/742/424 422/746/422 421/743/421
vt 0.3308841 0.4609883
f 425/1053/425 424/742/424 487/749/487
f 426/748/426 458/753/458 487/749/487
f 420/744/420 427/751/427 426/748/426
f 420/744/420 488/752/488 428/750/428
f 488/752/488 487/749/487 458/753/458
f 430/757/430 429/812/429 458/758/458
f 433/760/433 461/813/461 430/761/430
f 433/760/433 431/762/431 432/764/432
vt 0.3338555 0.0419243
f 434/1054/434 435/765/435 498/767/498
f 501/769/501 437/768/437 436/880/436
f 505/771/505 437/768/437 438/899/438
vt 0.0388635 0.3022167
f 441/1055/441 439/772/439 438/774/438
f 442/801/442 452/794/452 454/802/454
vt 0.3340657 0.0419602
f 441/1056/441 454/802/454 452/794/452
f 442/775/442 443/836/443 444/776/444
f 423/745/423 445/838/445 444/778/444
vt 0.0433711 0.4140742
f 448/780/448 446/1057/446 445/781/445
vt 0.0373050 0.3635686
f 447/1058/447 508/782/508 445/781/445
f 512/783/512 515/787/515 440/784/440
vt 0.0195539 0.0287443
f 449/786/449 450/1059/450 515/787/515
f 449/788/449 446/915/446 439/789/439
f 439/772/439 441/1055/441 451/791/451
f 451/793/451 441/1056/441 452/794/452
f 444/776/444 477/798/477 453/796/453
f 476/797/476 453/796/453 477/798/477
vt 0.0431238 0.0693600
f 476/1060/476 471/800/471 453/795/453
f 471/800/471 476/1060/476 442/801/442
vt 0.0425757 0.0952052
f 456/803/456 516/1061/516 471/800/471
f 456/803/456 454/802/454 455/804/455
f 457/805/457 458/758/458 459/914/459
f 458/758/458 457/805/457 431/759/431
f 426/806/426 427/810/427 460/808/460
vt 0.0195418 0.1660602
f 428/809/428 429/1062/429 460/808/460
f 430/757/430 472/823/472 460/811/460
f 430/761/430 461/813/461 462/815/462
vt 0.0431918 0.0694217
f 463/905/463 500/1063/500 464/818/464
f 462/904/462 463/905/463 464/818/464
f 464/818/464 465/817/465 466/881/466
vt 0.0444308 0.2693979
f 466/881/466 467/1064/467 469/898/469
f 467/1064/467 466/881/466 468/882/468
f 515/819/515 450/792/450 470/820/470
f 470/820/470 451/791/451 469/821/469
f 451/793/451 453/795/453 471/800/471
f 471/800/471 516/1061/516 473/822/473
f 455/804/455 457/805/457 472/823/472
f 421/824/421 422/830/422 455/825/455
vt 0.0156947 0.1442463
f 516/827/516 474/1065/474 421/828/421
vt 0.0156015 0.4283090
f 474/1065/474 456/831/456 423/1066/423
f 474/1065/474 516/827/516 456/831/456
f 422/830/422 423/1066/423 456/831/456
vt 0.0380609 0.6348998
f 423/745/423 514/834/514 474/1067/474
vt 0.0402723 0.6966226
f 475/832/475 477/1068/477 478/833/478
f 514/834/514 423/745/423 443/779/443
f 478/833/478 477/1068/477 444/778/444
f 445/781/445 446/1057/446 449/839/449
vt 0.0353349 0.4428553
f 509/889/509 507/845/507 479/1069/479
f 482/846/482 480/843/480 481/847/481
vt 0.3225811 0.5262040
f 501/848/501 484/1070/484 483/849/483
f 487/852/487 488/862/488 489/854/489
f 489/856/489 461/911/461 433/857/433
f 486/853/486 492/910/492 491/859/491
f 489/854/489 488/862/488 493/860/493
f 497/865/497 493/863/493 480/843/480
vt 0.0172623 0.4829694
vt 0.0156157 0.1989611
f 498/1071/498 497/1072/497 463/871/463
f 463/871/463 497/1072/497 496/872/496
f 464/818/464 500/1063/500 499/766/499
f 501/769/501 517/816/517 464/818/464
f 481/874/481 517/876/517 501/900/501
vt 0.0157665 0.0287521
f 481/874/481 502/1073/502 465/875/465
f 502/877/502 484/901/484 436/878/436
f 436/880/436 437/768/437 466/881/466
f 466/881/466 437/768/437 503/770/503
f 509/889/509 506/894/506 468/890/468
f 507/845/507 468/890/468 504/891/504
vt 0.0157077 0.1662326
vt 0.0195498 0.1662138
f 506/1074/506 467/1075/467 468/884/468
f 483/849/483 484/1070/484 502/892/502
f 507/845/507 502/892/502 481/847/481
f 509/889/509 508/896/508 505/893/505
f 510/747/510 445/838/445 423/745/423
f 505/893/505 508/896/508 483/849/483
f 508/782/508 509/841/509 512/897/512
f 478/840/478 449/839/449 512/897/512
f 469/898/469 467/1064/467 505/771/505
f 440/773/440 515/819/515 469/821/469
f 486/902/486 482/846/482 485/850/485
f 498/1071/498 499/867/499 482/870/482
f 493/863/493 497/865/497 498/903/498
f 462/904/462 434/1054/434 498/767/498
f 432/764/432 434/763/434 462/815/462
f 491/906/491 492/909/492 432/907/432
f 490/858/490 433/857/433 432/907/432
f 487/852/487 490/855/490 492/910/492
f 461/911/461 489/856/489 491/912/491
f 421/743/421 474/1067/474 514/834/514
f 472/823/472 457/805/457 459/914/459
f 440/784/440 439/789/439 446/915/446
vt 0.4520215 0.6213055
vt 0.5642227 0.6159910
vt 0.4539429 0.6212597
f 540/1076/540 528/1077/528 526/1078/526
vt 0.0544201 0.6180250
vt 0.3298011 0.6180240
vt 0.3298020 0.6180240
f 539/1079/539 528/1080/528 518/1081/518
vt 0.5030308 0.6212746
vt 0.7832770 0.6214300
vt 0.5038687 0.6213434
f 526/1082/526 523/1083/523 540/1084/540
vt 0.5326508 0.0254328
vt 0.4524254 0.6212930
vt 0.4318949 0.0301650
f 521/1085/521 538/1086/538 529/1087/529
vt 0.8686364 0.0257515
vt 0.7875959 0.6213627
vt 0.7681776 0.0302836
f 525/1088/525 542/1089/542 531/1090/531
vt 0.9045268 0.6158183
vt 0.7681571 0.0302798
vt 0.8682951 0.0257569
f 533/1091/533 534/1092/534 519/1093/519
vt 0.5685607 0.6157540
f 527/1077/527 538/1086/538 536/1094/536
vt 0.7884887 0.6213410
vt 0.9044379 0.6158260
vt 0.9034067 0.6159708
f 541/1095/541 533/1096/533 539/1097/539
vt 0.8850170 0.0268912
vt 0.6212505 0.6179420
vt 0.6413379 0.0268758
f 522/1098/522 536/1099/536 521/1100/521
vt 0.4320221 0.0301410
vt 0.5685773 0.6157544
f 530/1101/530 518/1102/518 540/1076/540
vt 0.0864330 0.0255415
vt 0.1666174 0.6213583
vt 0.0509445 0.6158980
f 522/1103/522 523/1104/523 535/1105/535
vt 0.0864274 0.0255563
vt 0.1666171 0.6213583
vt 0.0509373 0.6158984
f 519/1106/519 541/1107/541 539/1108/539
vt 0.6415298 0.0268506
vt 0.9050093 0.6179503
vt 0.6212473 0.6179584
f 524/1109/524 539/1110/539 518/1111/518
vt 0.1671895 0.6213791
vt 0.4316503 0.0301503
f 523/1112/523 530/1113/530 540/1076/540
vt 0.1870302 0.0302411
vt 0.4318922 0.0301565
f 538/1086/538 520/1114/520 529/1115/529
vt 0.5030895 0.6212821
f 538/1116/538 534/1092/534 541/1095/541
vt 0.0709997 0.0270447
vt 0.3335238 0.6179054
vt 0.0506888 0.6179140
f 525/1117/525 527/1118/527 535/1119/535
vt 0.0505631 0.6178926
vt 0.3138101 0.0270165
vt 0.3334499 0.6179159
f 533/1120/533 524/1121/524 528/1122/528
vt 0.4229502 0.0254719
vt 0.5034643 0.6213032
vt 0.3865694 0.6156874
f 537/1123/537 538/1124/538 527/1125/527
vt 0.5235870 0.0302316
vt 0.5030854 0.6212713
f 530/1126/530 542/1089/542 526/1127/526
vt 0.3864508 0.6156446
f 528/1128/528 530/1126/530 526/1082/526
vt 0.7699766 0.0300980
vt 0.8677880 0.0254770
f 525/1088/525 531/1129/531 522/1130/522
vt 0.1869925 0.0301552
vt 0.4278816 0.0301210
f 529/1115/529 534/1131/534 532/1132/532
vt 0.6419846 0.0267841
f 537/1133/537 522/1098/522 521/1100/521
f 540/1076/540 518/1102/518 528/1077/528
f 539/1079/539 533/1120/533 528/1080/528
f 526/1082/526 542/1089/542 523/1083/523
f 521/1085/521 536/1094/536 538/1086/538
vt 0.9045665 0.6157818
f 525/1088/525 535/1134/535 542/1089/542
f 533/1091/533 541/1095/541 534/1092/534
vt 0.4322847 0.0300902
vt 0.5284050 0.0255100
f 529/1087/529 532/1135/532 537/1136/537
vt 0.7931407 0.6211810
vt 0.9040978 0.6158625
f 523/1137/523 542/1089/542 535/1138/535
vt 0.9048172 0.6179808
vt 0.6219366 0.6180220
f 535/1139/535 527/1140/527 536/1099/536
f 522/1098/522 535/1139/535 536/1099/536
vt 0.5321770 0.0254176
f 530/1101/530 524/1141/524 518/1102/518
vt 0.1868586 0.0301980
f 522/1103/522 531/1142/531 523/1104/523
f 519/1106/519 520/1114/520 541/1107/541
vt 0.8849348 0.0268433
f 524/1109/524 519/1143/519 539/1110/539
f 523/1112/523 531/1142/531 530/1113/530
vt 0.1672396 0.6213791
f 538/1086/538 541/1144/541 520/1114/520
vt 0.5235282 0.0302431
f 538/1116/538 532/1145/532 534/1092/534
vt 0.3138012 0.0270180
f 525/1117/525 537/1146/537 527/1118/527
vt 0.0704590 0.0269711
f 533/1120/533 519/1147/519 524/1121/524
f 537/1123/537 532/1145/532 538/1124/538
f 530/1126/530 531/1090/531 542/1089/542
vt 0.4228988 0.0254996
f 528/1128/528 524/1148/524 530/1126/530
vt 0.7728051 0.0299640
vt 0.7685680 0.0301517
f 519/1093/519 534/1149/534 520/1150/520
f 529/1115/529 520/1114/520 534/1131/534
vt 0.8841829 0.0267854
f 537/1133/537 525/1151/525 522/1098/522
f 529/1087/529 537/1136/537 521/1085/521
# 1000 faces, 1151 coords texture

# End of File
