v 8.28997 19.0357 -3.58121
v 8.1737 19.0978 -3.4737
v 8.28945 19.0718 -3.54137
v 8.14188 19.0586 -3.52198
v 7.98268 19.071 -3.38621
v 8.01253 19.1125 -3.33486
v 8.14188 19.0586 -3.52198
v 8.01253 19.1125 -3.33486
v 8.1737 19.0978 -3.4737
v 8.1514 18.9967 -3.49027
v 7.98925 19.0068 -3.35218
v 7.98268 19.071 -3.38621
v 8.1514 18.9967 -3.49027
v 7.98268 19.071 -3.38621
v 8.14188 19.0586 -3.52198
v 8.27196 18.9925 -3.55435
v 8.1514 18.9967 -3.49027
v 8.14188 19.0586 -3.52198
v 8.27196 18.9925 -3.55435
v 8.14188 19.0586 -3.52198
v 8.28997 19.0357 -3.58121
v 8.3533 18.9527 -3.4952
v 8.27196 18.9925 -3.55435
v 8.28997 19.0357 -3.58121
v 8.3533 18.9527 -3.4952
v 8.28997 19.0357 -3.58121
v 8.41033 19 -3.52808
v 8.41033 19 -3.52808
v 8.28997 19.0357 -3.58121
v 8.28945 19.0718 -3.54137
v 8.41033 19 -3.52808
v 8.28945 19.0718 -3.54137
v 8.3756 19.0538 -3.47862
v 8.44546 18.9089 -3.37185
v 8.3533 18.9527 -3.4952
v 8.41033 19 -3.52808
v 8.44546 18.9089 -3.37185
v 8.41033 19 -3.52808
v 8.50589 18.9583 -3.40708
v 8.50589 18.9583 -3.40708
v 8.41033 19 -3.52808
v 8.3756 19.0538 -3.47862
v 8.50589 18.9583 -3.40708
v 8.3756 19.0538 -3.47862
v 8.46872 19.0146 -3.3545
v 8.21394 18.9417 -3.38888
v 8.3533 18.9527 -3.4952
v 8.44546 18.9089 -3.37185
v 8.21394 18.9417 -3.38888
v 8.44546 18.9089 -3.37185
v 8.30237 18.8955 -3.25273
v 8.1514 18.9967 -3.49027
v 8.27196 18.9925 -3.55435
v 8.3533 18.9527 -3.4952
v 8.1514 18.9967 -3.49027
v 8.3533 18.9527 -3.4952
v 8.21394 18.9417 -3.38888
v 7.98925 19.0068 -3.35218
v 8.1514 18.9967 -3.49027
v 8.21394 18.9417 -3.38888
v 7.98925 19.0068 -3.35218
v 8.21394 18.9417 -3.38888
v 8.03719 18.9519 -3.23789
v 8.03719 18.9519 -3.23789
v 8.21394 18.9417 -3.38888
v 8.30237 18.8955 -3.25273
v 8.03719 18.9519 -3.23789
v 8.30237 18.8955 -3.25273
v 8.11635 18.9064 -3.09482
v 7.85059 19.0148 -3.20315
v 7.98925 19.0068 -3.35218
v 8.03719 18.9519 -3.23789
v 7.85059 19.0148 -3.20315
v 8.03719 18.9519 -3.23789
v 7.876 18.9659 -3.08936
v 7.876 18.9659 -3.08936
v 8.03719 18.9519 -3.23789
v 8.11635 18.9064 -3.09482
v 7.876 18.9659 -3.08936
v 8.11635 18.9064 -3.09482
v 7.93401 18.9255 -2.94809
v 7.77693 19.0239 -3.09118
v 7.85059 19.0148 -3.20315
v 7.876 18.9659 -3.08936
v 7.77693 19.0239 -3.09118
v 7.876 18.9659 -3.08936
v 7.77003 18.9946 -2.97966
v 7.77003 18.9946 -2.97966
v 7.876 18.9659 -3.08936
v 7.93401 18.9255 -2.94809
v 7.77003 18.9946 -2.97966
v 7.93401 18.9255 -2.94809
v 7.80479 18.961 -2.84194
v 7.77693 19.0239 -3.09118
v 7.77003 18.9946 -2.97966
v 7.74257 19.048 -2.93721
v 7.77693 19.0239 -3.09118
v 7.74257 19.048 -2.93721
v 7.76795 19.0677 -3.08648
v 7.77003 18.9946 -2.97966
v 7.80479 18.961 -2.84194
v 7.76906 19.0183 -2.79763
v 7.77003 18.9946 -2.97966
v 7.76906 19.0183 -2.79763
v 7.74257 19.048 -2.93721
v 7.74257 19.048 -2.93721
v 7.76906 19.0183 -2.79763
v 7.82795 19.0667 -2.82458
v 7.74257 19.048 -2.93721
v 7.82795 19.0667 -2.82458
v 7.79223 19.0958 -2.96306
v 7.76795 19.0677 -3.08648
v 7.74257 19.048 -2.93721
v 7.79223 19.0958 -2.96306
v 7.76795 19.0677 -3.08648
v 7.79223 19.0958 -2.96306
v 7.79434 19.1031 -3.07818
v 7.85059 19.0148 -3.20315
v 7.77693 19.0239 -3.09118
v 7.76795 19.0677 -3.08648
v 7.85059 19.0148 -3.20315
v 7.76795 19.0677 -3.08648
v 7.84987 19.0747 -3.2346
v 7.84987 19.0747 -3.2346
v 7.76795 19.0677 -3.08648
v 7.79434 19.1031 -3.07818
v 7.84987 19.0747 -3.2346
v 7.79434 19.1031 -3.07818
v 7.87284 19.1159 -3.18656
v 7.98925 19.0068 -3.35218
v 7.85059 19.0148 -3.20315
v 7.84987 19.0747 -3.2346
v 7.98925 19.0068 -3.35218
v 7.84987 19.0747 -3.2346
v 7.98268 19.071 -3.38621
v 7.98268 19.071 -3.38621
v 7.84987 19.0747 -3.2346
v 7.87284 19.1159 -3.18656
v 7.98268 19.071 -3.38621
v 7.87284 19.1159 -3.18656
v 8.01253 19.1125 -3.33486
v 7.87284 19.1159 -3.18656
v 7.90797 19.1114 -3.06548
v 8.07061 19.1038 -3.21297
v 7.87284 19.1159 -3.18656
v 8.07061 19.1038 -3.21297
v 8.01253 19.1125 -3.33486
v 7.79434 19.1031 -3.07818
v 7.79223 19.0958 -2.96306
v 7.90797 19.1114 -3.06548
v 7.79434 19.1031 -3.07818
v 7.90797 19.1114 -3.06548
v 7.87284 19.1159 -3.18656
v 7.79223 19.0958 -2.96306
v 7.82795 19.0667 -2.82458
v 7.96733 19.0774 -2.92314
v 7.79223 19.0958 -2.96306
v 7.96733 19.0774 -2.92314
v 7.90797 19.1114 -3.06548
v 7.90797 19.1114 -3.06548
v 7.96733 19.0774 -2.92314
v 8.15117 19.065 -3.06879
v 7.90797 19.1114 -3.06548
v 8.15117 19.065 -3.06879
v 8.07061 19.1038 -3.21297
v 7.96733 19.0774 -2.92314
v 8.05161 19.0365 -2.81284
v 8.24335 19.021 -2.95139
v 7.96733 19.0774 -2.92314
v 8.24335 19.021 -2.95139
v 8.15117 19.065 -3.06879
v 7.82795 19.0667 -2.82458
v 7.90236 19.0307 -2.72461
v 8.05161 19.0365 -2.81284
v 7.82795 19.0667 -2.82458
v 8.05161 19.0365 -2.81284
v 7.96733 19.0774 -2.92314
v 7.90236 19.0307 -2.72461
v 7.98389 18.9952 -2.69206
v 8.12207 18.9865 -2.75154
v 7.90236 19.0307 -2.72461
v 8.12207 18.9865 -2.75154
v 8.05161 19.0365 -2.81284
v 8.05161 19.0365 -2.81284
v 8.12207 18.9865 -2.75154
v 8.31303 18.9685 -2.87992
v 8.05161 19.0365 -2.81284
v 8.31303 18.9685 -2.87992
v 8.24335 19.021 -2.95139
v 7.96228 18.9545 -2.67514
v 8.13467 18.9266 -2.73621
v 8.12207 18.9865 -2.75154
v 7.96228 18.9545 -2.67514
v 8.12207 18.9865 -2.75154
v 7.98389 18.9952 -2.69206
v 8.13467 18.9266 -2.73621
v 8.32834 18.9053 -2.86305
v 8.31303 18.9685 -2.87992
v 8.13467 18.9266 -2.73621
v 8.31303 18.9685 -2.87992
v 8.12207 18.9865 -2.75154
v 8.09992 18.8853 -2.76818
v 8.28987 18.8628 -2.8973
v 8.32834 18.9053 -2.86305
v 8.09992 18.8853 -2.76818
v 8.32834 18.9053 -2.86305
v 8.13467 18.9266 -2.73621
v 7.96655 18.916 -2.7051
v 8.09992 18.8853 -2.76818
v 8.13467 18.9266 -2.73621
v 7.96655 18.916 -2.7051
v 8.13467 18.9266 -2.73621
v 7.96228 18.9545 -2.67514
v 7.88022 18.9295 -2.74124
v 7.96655 18.916 -2.7051
v 7.96228 18.9545 -2.67514
v 7.88022 18.9295 -2.74124
v 7.96228 18.9545 -2.67514
v 7.84184 18.9855 -2.7
v 7.84184 18.9855 -2.7
v 7.96228 18.9545 -2.67514
v 7.98389 18.9952 -2.69206
v 7.84184 18.9855 -2.7
v 7.98389 18.9952 -2.69206
v 7.90236 19.0307 -2.72461
v 7.80479 18.961 -2.84194
v 7.88022 18.9295 -2.74124
v 7.84184 18.9855 -2.7
v 7.80479 18.961 -2.84194
v 7.84184 18.9855 -2.7
v 7.76906 19.0183 -2.79763
v 7.76906 19.0183 -2.79763
v 7.84184 18.9855 -2.7
v 7.90236 19.0307 -2.72461
v 7.76906 19.0183 -2.79763
v 7.90236 19.0307 -2.72461
v 7.82795 19.0667 -2.82458
v 7.80479 18.961 -2.84194
v 7.93401 18.9255 -2.94809
v 8.01972 18.8909 -2.83677
v 7.80479 18.961 -2.84194
v 8.01972 18.8909 -2.83677
v 7.88022 18.9295 -2.74124
v 7.88022 18.9295 -2.74124
v 8.01972 18.8909 -2.83677
v 8.09992 18.8853 -2.76818
v 7.88022 18.9295 -2.74124
v 8.09992 18.8853 -2.76818
v 7.96655 18.916 -2.7051
v 7.93401 18.9255 -2.94809
v 8.11635 18.9064 -3.09482
v 8.21003 18.869 -2.97636
v 7.93401 18.9255 -2.94809
v 8.21003 18.869 -2.97636
v 8.01972 18.8909 -2.83677
v 8.01972 18.8909 -2.83677
v 8.21003 18.869 -2.97636
v 8.28987 18.8628 -2.8973
v 8.01972 18.8909 -2.83677
v 8.28987 18.8628 -2.8973
v 8.09992 18.8853 -2.76818
v 8.11635 18.9064 -3.09482
v 8.30237 18.8955 -3.25273
v 8.3876 18.8595 -3.13194
v 8.11635 18.9064 -3.09482
v 8.3876 18.8595 -3.13194
v 8.21003 18.869 -2.97636
v 8.21003 18.869 -2.97636
v 8.3876 18.8595 -3.13194
v 8.45075 18.8551 -3.04802
v 8.21003 18.869 -2.97636
v 8.45075 18.8551 -3.04802
v 8.28987 18.8628 -2.8973
v 8.30237 18.8955 -3.25273
v 8.44546 18.9089 -3.37185
v 8.51346 18.8754 -3.24945
v 8.30237 18.8955 -3.25273
v 8.51346 18.8754 -3.24945
v 8.3876 18.8595 -3.13194
v 8.28987 18.8628 -2.8973
v 8.45075 18.8551 -3.04802
v 8.48461 18.8965 -3.01514
v 8.28987 18.8628 -2.8973
v 8.48461 18.8965 -3.01514
v 8.32834 18.9053 -2.86305
v 8.32834 18.9053 -2.86305
v 8.48461 18.8965 -3.01514
v 8.47294 18.9563 -3.03139
v 8.32834 18.9053 -2.86305
v 8.47294 18.9563 -3.03139
v 8.31303 18.9685 -2.87992
v 7.42861 18.8499 -4.27984
v 7.43344 18.79 -4.41168
v 7.60921 18.7543 -4.45048
v 7.42861 18.8499 -4.27984
v 7.60921 18.7543 -4.45048
v 7.62026 18.8214 -4.30264
v 7.4721 18.9111 -4.16083
v 7.42861 18.8499 -4.27984
v 7.62026 18.8214 -4.30264
v 7.4721 18.9111 -4.16083
v 7.62026 18.8214 -4.30264
v 7.6505 18.894 -4.16081
v 7.43344 18.79 -4.41168
v 7.42861 18.8499 -4.27984
v 7.35826 18.9017 -4.29131
v 7.43344 18.79 -4.41168
v 7.35826 18.9017 -4.29131
v 7.36963 18.8416 -4.41885
v 7.42861 18.8499 -4.27984
v 7.4721 18.9111 -4.16083
v 7.4082 18.958 -4.17805
v 7.42861 18.8499 -4.27984
v 7.4082 18.958 -4.17805
v 7.35826 18.9017 -4.29131
v 7.35826 18.9017 -4.29131
v 7.4082 18.958 -4.17805
v 7.46714 19.0061 -4.20447
v 7.35826 18.9017 -4.29131
v 7.46714 19.0061 -4.20447
v 7.4234 18.9491 -4.3254
v 7.36963 18.8416 -4.41885
v 7.35826 18.9017 -4.29131
v 7.4234 18.9491 -4.3254
v 7.36963 18.8416 -4.41885
v 7.4234 18.9491 -4.3254
v 7.42842 18.885 -4.45527
v 7.4721 18.9111 -4.16083
v 7.53847 18.9589 -4.09332
v 7.51713 19.0014 -4.09751
v 7.4721 18.9111 -4.16083
v 7.51713 19.0014 -4.09751
v 7.4082 18.958 -4.17805
v 7.4082 18.958 -4.17805
v 7.51713 19.0014 -4.09751
v 7.53459 19.0333 -4.12753
v 7.4082 18.958 -4.17805
v 7.53459 19.0333 -4.12753
v 7.46714 19.0061 -4.20447
v 7.46714 19.0061 -4.20447
v 7.64336 19.0307 -4.22361
v 7.61276 18.9641 -4.36814
v 7.46714 19.0061 -4.20447
v 7.61276 18.9641 -4.36814
v 7.4234 18.9491 -4.3254
v 7.53459 19.0333 -4.12753
v 7.67639 19.0602 -4.11141
v 7.64336 19.0307 -4.22361
v 7.53459 19.0333 -4.12753
v 7.64336 19.0307 -4.22361
v 7.46714 19.0061 -4.20447
v 7.67639 19.0602 -4.11141
v 7.88814 19.0707 -4.11575
v 7.87938 19.0328 -4.25021
v 7.67639 19.0602 -4.11141
v 7.87938 19.0328 -4.25021
v 7.64336 19.0307 -4.22361
v 7.64336 19.0307 -4.22361
v 7.87938 19.0328 -4.25021
v 7.86169 18.9562 -4.41753
v 7.64336 19.0307 -4.22361
v 7.86169 18.9562 -4.41753
v 7.61276 18.9641 -4.36814
v 7.4234 18.9491 -4.3254
v 7.61276 18.9641 -4.36814
v 7.60198 18.891 -4.5132
v 7.4234 18.9491 -4.3254
v 7.60198 18.891 -4.5132
v 7.42842 18.885 -4.45527
v 7.61276 18.9641 -4.36814
v 7.86169 18.9562 -4.41753
v 7.83283 18.8747 -4.57794
v 7.61276 18.9641 -4.36814
v 7.83283 18.8747 -4.57794
v 7.60198 18.891 -4.5132
v 7.60198 18.891 -4.5132
v 7.83283 18.8747 -4.57794
v 7.80722 18.7958 -4.68574
v 7.60198 18.891 -4.5132
v 7.80722 18.7958 -4.68574
v 7.60519 18.8189 -4.61165
v 7.42842 18.885 -4.45527
v 7.60198 18.891 -4.5132
v 7.60519 18.8189 -4.61165
v 7.42842 18.885 -4.45527
v 7.60519 18.8189 -4.61165
v 7.47201 18.8327 -4.5431
v 7.45044 18.7907 -4.53379
v 7.36963 18.8416 -4.41885
v 7.42842 18.885 -4.45527
v 7.45044 18.7907 -4.53379
v 7.42842 18.885 -4.45527
v 7.47201 18.8327 -4.5431
v 7.60532 18.7538 -4.62651
v 7.45044 18.7907 -4.53379
v 7.47201 18.8327 -4.5431
v 7.60532 18.7538 -4.62651
v 7.47201 18.8327 -4.5431
v 7.60519 18.8189 -4.61165
v 7.61024 18.7239 -4.56809
v 7.47596 18.7582 -4.50896
v 7.45044 18.7907 -4.53379
v 7.61024 18.7239 -4.56809
v 7.45044 18.7907 -4.53379
v 7.60532 18.7538 -4.62651
v 7.47596 18.7582 -4.50896
v 7.43344 18.79 -4.41168
v 7.36963 18.8416 -4.41885
v 7.47596 18.7582 -4.50896
v 7.36963 18.8416 -4.41885
v 7.45044 18.7907 -4.53379
v 7.8125 18.6965 -4.64023
v 7.61024 18.7239 -4.56809
v 7.60532 18.7538 -4.62651
v 7.8125 18.6965 -4.64023
v 7.60532 18.7538 -4.62651
v 7.79998 18.726 -4.7044
v 7.79998 18.726 -4.7044
v 7.60532 18.7538 -4.62651
v 7.60519 18.8189 -4.61165
v 7.79998 18.726 -4.7044
v 7.60519 18.8189 -4.61165
v 7.80722 18.7958 -4.68574
v 7.99862 18.6807 -4.69778
v 7.8125 18.6965 -4.64023
v 7.79998 18.726 -4.7044
v 7.99862 18.6807 -4.69778
v 7.79998 18.726 -4.7044
v 7.97796 18.7078 -4.76078
v 7.97796 18.7078 -4.76078
v 7.79998 18.726 -4.7044
v 7.80722 18.7958 -4.68574
v 7.97796 18.7078 -4.76078
v 7.80722 18.7958 -4.68574
v 7.99357 18.7757 -4.74134
v 8.11968 18.6918 -4.71324
v 7.99862 18.6807 -4.69778
v 7.97796 18.7078 -4.76078
v 8.11968 18.6918 -4.71324
v 7.97796 18.7078 -4.76078
v 8.12599 18.7176 -4.75528
v 8.12599 18.7176 -4.75528
v 7.97796 18.7078 -4.76078
v 7.99357 18.7757 -4.74134
v 8.12599 18.7176 -4.75528
v 7.99357 18.7757 -4.74134
v 8.11573 18.7662 -4.74738
v 8.20375 18.7273 -4.62058
v 8.11968 18.6918 -4.71324
v 8.12599 18.7176 -4.75528
v 8.20375 18.7273 -4.62058
v 8.12599 18.7176 -4.75528
v 8.25102 18.7696 -4.65856
v 8.25102 18.7696 -4.65856
v 8.12599 18.7176 -4.75528
v 8.11573 18.7662 -4.74738
v 8.25102 18.7696 -4.65856
v 8.11573 18.7662 -4.74738
v 8.19872 18.8223 -4.66417
v 8.27053 18.806 -4.45621
v 8.20375 18.7273 -4.62058
v 8.25102 18.7696 -4.65856
v 8.27053 18.806 -4.45621
v 8.25102 18.7696 -4.65856
v 8.32644 18.8513 -4.49412
v 8.32644 18.8513 -4.49412
v 8.25102 18.7696 -4.65856
v 8.19872 18.8223 -4.66417
v 8.32644 18.8513 -4.49412
v 8.19872 18.8223 -4.66417
v 8.26533 18.9053 -4.50179
v 8.26434 18.8912 -4.28179
v 8.27053 18.806 -4.45621
v 8.32644 18.8513 -4.49412
v 8.26434 18.8912 -4.28179
v 8.32644 18.8513 -4.49412
v 8.31503 18.9355 -4.31588
v 8.31503 18.9355 -4.31588
v 8.32644 18.8513 -4.49412
v 8.26533 18.9053 -4.50179
v 8.31503 18.9355 -4.31588
v 8.26533 18.9053 -4.50179
v 8.25939 18.9862 -4.32544
v 8.21382 18.9541 -4.17076
v 8.26434 18.8912 -4.28179
v 8.31503 18.9355 -4.31588
v 8.21382 18.9541 -4.17076
v 8.31503 18.9355 -4.31588
v 8.22907 18.9992 -4.17321
v 8.22907 18.9992 -4.17321
v 8.31503 18.9355 -4.31588
v 8.25939 18.9862 -4.32544
v 8.22907 18.9992 -4.17321
v 8.25939 18.9862 -4.32544
v 8.20996 19.0286 -4.20498
v 8.09163 18.9648 -4.10947
v 8.21382 18.9541 -4.17076
v 8.22907 18.9992 -4.17321
v 8.09163 18.9648 -4.10947
v 8.22907 18.9992 -4.17321
v 8.08489 19.0335 -4.08636
v 8.08489 19.0335 -4.08636
v 8.22907 18.9992 -4.17321
v 8.20996 19.0286 -4.20498
v 8.08489 19.0335 -4.08636
v 8.20996 19.0286 -4.20498
v 8.0867 19.0598 -4.15314
v 7.89329 18.9715 -4.07012
v 8.09163 18.9648 -4.10947
v 8.08489 19.0335 -4.08636
v 7.89329 18.9715 -4.07012
v 8.08489 19.0335 -4.08636
v 7.89296 19.0422 -4.04883
v 7.89296 19.0422 -4.04883
v 8.08489 19.0335 -4.08636
v 8.0867 19.0598 -4.15314
v 7.89296 19.0422 -4.04883
v 8.0867 19.0598 -4.15314
v 7.88814 19.0707 -4.11575
v 7.68132 18.9652 -4.06775
v 7.89329 18.9715 -4.07012
v 7.89296 19.0422 -4.04883
v 7.68132 18.9652 -4.06775
v 7.89296 19.0422 -4.04883
v 7.68683 19.03 -4.05401
v 7.68683 19.03 -4.05401
v 7.89296 19.0422 -4.04883
v 7.88814 19.0707 -4.11575
v 7.68683 19.03 -4.05401
v 7.88814 19.0707 -4.11575
v 7.67639 19.0602 -4.11141
v 7.53847 18.9589 -4.09332
v 7.68132 18.9652 -4.06775
v 7.68683 19.03 -4.05401
v 7.53847 18.9589 -4.09332
v 7.68683 19.03 -4.05401
v 7.51713 19.0014 -4.09751
v 7.51713 19.0014 -4.09751
v 7.68683 19.03 -4.05401
v 7.67639 19.0602 -4.11141
v 7.51713 19.0014 -4.09751
v 7.67639 19.0602 -4.11141
v 7.53459 19.0333 -4.12753
v 7.53847 18.9589 -4.09332
v 7.4721 18.9111 -4.16083
v 7.6505 18.894 -4.16081
v 7.53847 18.9589 -4.09332
v 7.6505 18.894 -4.16081
v 7.68132 18.9652 -4.06775
v 7.68132 18.9652 -4.06775
v 7.6505 18.894 -4.16081
v 7.88683 18.8901 -4.18466
v 7.68132 18.9652 -4.06775
v 7.88683 18.8901 -4.18466
v 7.89329 18.9715 -4.07012
v 7.6505 18.894 -4.16081
v 7.62026 18.8214 -4.30264
v 7.86951 18.8073 -4.34918
v 7.6505 18.894 -4.16081
v 7.86951 18.8073 -4.34918
v 7.88683 18.8901 -4.18466
v 7.88683 18.8901 -4.18466
v 7.86951 18.8073 -4.34918
v 8.1044 18.7962 -4.4041
v 7.88683 18.8901 -4.18466
v 8.1044 18.7962 -4.4041
v 8.10961 18.8828 -4.23013
v 7.89329 18.9715 -4.07012
v 7.88683 18.8901 -4.18466
v 8.10961 18.8828 -4.23013
v 7.89329 18.9715 -4.07012
v 8.10961 18.8828 -4.23013
v 8.09163 18.9648 -4.10947
v 8.10961 18.8828 -4.23013
v 8.1044 18.7962 -4.4041
v 8.27053 18.806 -4.45621
v 8.10961 18.8828 -4.23013
v 8.27053 18.806 -4.45621
v 8.26434 18.8912 -4.28179
v 8.09163 18.9648 -4.10947
v 8.10961 18.8828 -4.23013
v 8.26434 18.8912 -4.28179
v 8.09163 18.9648 -4.10947
v 8.26434 18.8912 -4.28179
v 8.21382 18.9541 -4.17076
v 8.1044 18.7962 -4.4041
v 8.05523 18.7175 -4.57241
v 8.20375 18.7273 -4.62058
v 8.1044 18.7962 -4.4041
v 8.20375 18.7273 -4.62058
v 8.27053 18.806 -4.45621
v 7.86951 18.8073 -4.34918
v 7.84038 18.7321 -4.51249
v 8.05523 18.7175 -4.57241
v 7.86951 18.8073 -4.34918
v 8.05523 18.7175 -4.57241
v 8.1044 18.7962 -4.4041
v 7.84038 18.7321 -4.51249
v 7.8125 18.6965 -4.64023
v 7.99862 18.6807 -4.69778
v 7.84038 18.7321 -4.51249
v 7.99862 18.6807 -4.69778
v 8.05523 18.7175 -4.57241
v 8.05523 18.7175 -4.57241
v 7.99862 18.6807 -4.69778
v 8.11968 18.6918 -4.71324
v 8.05523 18.7175 -4.57241
v 8.11968 18.6918 -4.71324
v 8.20375 18.7273 -4.62058
v 7.60921 18.7543 -4.45048
v 7.61024 18.7239 -4.56809
v 7.8125 18.6965 -4.64023
v 7.60921 18.7543 -4.45048
v 7.8125 18.6965 -4.64023
v 7.84038 18.7321 -4.51249
v 7.62026 18.8214 -4.30264
v 7.60921 18.7543 -4.45048
v 7.84038 18.7321 -4.51249
v 7.62026 18.8214 -4.30264
v 7.84038 18.7321 -4.51249
v 7.86951 18.8073 -4.34918
v 7.43344 18.79 -4.41168
v 7.47596 18.7582 -4.50896
v 7.61024 18.7239 -4.56809
v 7.43344 18.79 -4.41168
v 7.61024 18.7239 -4.56809
v 7.60921 18.7543 -4.45048
v 7.88814 19.0707 -4.11575
v 8.0867 19.0598 -4.15314
v 8.10249 19.0195 -4.29294
v 7.88814 19.0707 -4.11575
v 8.10249 19.0195 -4.29294
v 7.87938 19.0328 -4.25021
v 8.0867 19.0598 -4.15314
v 8.20996 19.0286 -4.20498
v 8.25939 18.9862 -4.32544
v 8.0867 19.0598 -4.15314
v 8.25939 18.9862 -4.32544
v 8.10249 19.0195 -4.29294
v 8.10249 19.0195 -4.29294
v 8.25939 18.9862 -4.32544
v 8.26533 18.9053 -4.50179
v 8.10249 19.0195 -4.29294
v 8.26533 18.9053 -4.50179
v 8.09691 18.9389 -4.4696
v 7.87938 19.0328 -4.25021
v 8.10249 19.0195 -4.29294
v 8.09691 18.9389 -4.4696
v 7.87938 19.0328 -4.25021
v 8.09691 18.9389 -4.4696
v 7.86169 18.9562 -4.41753
v 8.09691 18.9389 -4.4696
v 8.26533 18.9053 -4.50179
v 8.19872 18.8223 -4.66417
v 8.09691 18.9389 -4.4696
v 8.19872 18.8223 -4.66417
v 8.048 18.8542 -4.63512
v 7.86169 18.9562 -4.41753
v 8.09691 18.9389 -4.4696
v 8.048 18.8542 -4.63512
v 7.86169 18.9562 -4.41753
v 8.048 18.8542 -4.63512
v 7.83283 18.8747 -4.57794
v 8.048 18.8542 -4.63512
v 8.19872 18.8223 -4.66417
v 8.11573 18.7662 -4.74738
v 8.048 18.8542 -4.63512
v 8.11573 18.7662 -4.74738
v 7.99357 18.7757 -4.74134
v 7.83283 18.8747 -4.57794
v 8.048 18.8542 -4.63512
v 7.99357 18.7757 -4.74134
v 7.83283 18.8747 -4.57794
v 7.99357 18.7757 -4.74134
v 7.80722 18.7958 -4.68574
v 6.77077 18.8492 -4.91017
v 6.89126 18.903 -4.8744
v 6.9428 18.9006 -4.73868
v 6.77077 18.8492 -4.91017
v 6.9428 18.9006 -4.73868
v 6.80665 18.8392 -4.74723
v 6.66835 18.8084 -4.86978
v 6.77077 18.8492 -4.91017
v 6.80665 18.8392 -4.74723
v 6.66835 18.8084 -4.86978
v 6.80665 18.8392 -4.74723
v 6.68202 18.7901 -4.70412
v 6.89126 18.903 -4.8744
v 6.77077 18.8492 -4.91017
v 6.74093 18.8956 -4.96824
v 6.89126 18.903 -4.8744
v 6.74093 18.8956 -4.96824
v 6.8586 18.9457 -4.92072
v 6.77077 18.8492 -4.91017
v 6.66835 18.8084 -4.86978
v 6.64619 18.8556 -4.92711
v 6.77077 18.8492 -4.91017
v 6.64619 18.8556 -4.92711
v 6.74093 18.8956 -4.96824
v 6.74093 18.8956 -4.96824
v 6.64619 18.8556 -4.92711
v 6.62892 18.9054 -4.87107
v 6.74093 18.8956 -4.96824
v 6.62892 18.9054 -4.87107
v 6.72958 18.9504 -4.91152
v 6.8586 18.9457 -4.92072
v 6.74093 18.8956 -4.96824
v 6.72958 18.9504 -4.91152
v 6.8586 18.9457 -4.92072
v 6.72958 18.9504 -4.91152
v 6.85183 18.9999 -4.8757
v 6.66835 18.8084 -4.86978
v 6.60573 18.7945 -4.79258
v 6.5812 18.8286 -4.809
v 6.66835 18.8084 -4.86978
v 6.5812 18.8286 -4.809
v 6.64619 18.8556 -4.92711
v 6.64619 18.8556 -4.92711
v 6.5812 18.8286 -4.809
v 6.57483 18.8705 -4.79359
v 6.64619 18.8556 -4.92711
v 6.57483 18.8705 -4.79359
v 6.62892 18.9054 -4.87107
v 6.62892 18.9054 -4.87107
v 6.62527 18.9296 -4.70597
v 6.74743 18.9848 -4.74916
v 6.62892 18.9054 -4.87107
v 6.74743 18.9848 -4.74916
v 6.72958 18.9504 -4.91152
v 6.57483 18.8705 -4.79359
v 6.5504 18.8731 -4.64923
v 6.62527 18.9296 -4.70597
v 6.57483 18.8705 -4.79359
v 6.62527 18.9296 -4.70597
v 6.62892 18.9054 -4.87107
v 6.5504 18.8731 -4.64923
v 6.55124 18.877 -4.43719
v 6.64445 18.9424 -4.48271
v 6.5504 18.8731 -4.64923
v 6.64445 18.9424 -4.48271
v 6.62527 18.9296 -4.70597
v 6.62527 18.9296 -4.70597
v 6.64445 18.9424 -4.48271
v 6.78604 19.006 -4.52885
v 6.62527 18.9296 -4.70597
v 6.78604 19.006 -4.52885
v 6.74743 18.9848 -4.74916
v 6.72958 18.9504 -4.91152
v 6.74743 18.9848 -4.74916
v 6.88606 19.04 -4.74053
v 6.72958 18.9504 -4.91152
v 6.88606 19.04 -4.74053
v 6.85183 18.9999 -4.8757
v 6.74743 18.9848 -4.74916
v 6.78604 19.006 -4.52885
v 6.93751 19.0663 -4.55084
v 6.74743 18.9848 -4.74916
v 6.93751 19.0663 -4.55084
v 6.88606 19.04 -4.74053
v 6.88606 19.04 -4.74053
v 6.93751 19.0663 -4.55084
v 7.06095 19.0925 -4.55571
v 6.88606 19.04 -4.74053
v 7.06095 19.0925 -4.55571
v 7.00114 19.064 -4.71074
v 6.85183 18.9999 -4.8757
v 6.88606 19.04 -4.74053
v 7.00114 19.064 -4.71074
v 6.85183 18.9999 -4.8757
v 7.00114 19.064 -4.71074
v 6.94596 19.0278 -4.813
v 6.96965 18.9933 -4.82155
v 6.8586 18.9457 -4.92072
v 6.85183 18.9999 -4.8757
v 6.96965 18.9933 -4.82155
v 6.85183 18.9999 -4.8757
v 6.94596 19.0278 -4.813
v 7.05746 19.031 -4.70034
v 6.96965 18.9933 -4.82155
v 6.94596 19.0278 -4.813
v 7.05746 19.031 -4.70034
v 6.94596 19.0278 -4.813
v 7.00114 19.064 -4.71074
v 7.04057 18.967 -4.70945
v 6.97685 18.9519 -4.81199
v 6.96965 18.9933 -4.82155
v 7.04057 18.967 -4.70945
v 6.96965 18.9933 -4.82155
v 7.05746 19.031 -4.70034
v 6.97685 18.9519 -4.81199
v 6.89126 18.903 -4.8744
v 6.8586 18.9457 -4.92072
v 6.97685 18.9519 -4.81199
v 6.8586 18.9457 -4.92072
v 6.96965 18.9933 -4.82155
v 7.10215 18.9913 -4.55436
v 7.04057 18.967 -4.70945
v 7.05746 19.031 -4.70034
v 7.10215 18.9913 -4.55436
v 7.05746 19.031 -4.70034
v 7.12224 19.0591 -4.55593
v 7.12224 19.0591 -4.55593
v 7.05746 19.031 -4.70034
v 7.00114 19.064 -4.71074
v 7.12224 19.0591 -4.55593
v 7.00114 19.064 -4.71074
v 7.06095 19.0925 -4.55571
v 7.13744 19.0095 -4.38845
v 7.10215 18.9913 -4.55436
v 7.12224 19.0591 -4.55593
v 7.13744 19.0095 -4.38845
v 7.12224 19.0591 -4.55593
v 7.15587 19.074 -4.39888
v 7.15587 19.074 -4.39888
v 7.12224 19.0591 -4.55593
v 7.06095 19.0925 -4.55571
v 7.15587 19.074 -4.39888
v 7.06095 19.0925 -4.55571
v 7.09799 19.1064 -4.38973
v 7.13148 19.0197 -4.27283
v 7.13744 19.0095 -4.38845
v 7.15587 19.074 -4.39888
v 7.13148 19.0197 -4.27283
v 7.15587 19.074 -4.39888
v 7.1359 19.0661 -4.26043
v 7.1359 19.0661 -4.26043
v 7.15587 19.074 -4.39888
v 7.09799 19.1064 -4.38973
v 7.1359 19.0661 -4.26043
v 7.09799 19.1064 -4.38973
v 7.10058 19.0957 -4.27384
v 7.0561 18.9758 -4.20536
v 7.13148 19.0197 -4.27283
v 7.1359 19.0661 -4.26043
v 7.0561 18.9758 -4.20536
v 7.1359 19.0661 -4.26043
v 7.04758 19.0292 -4.15561
v 7.04758 19.0292 -4.15561
v 7.1359 19.0661 -4.26043
v 7.10058 19.0957 -4.27384
v 7.04758 19.0292 -4.15561
v 7.10058 19.0957 -4.27384
v 7.01665 19.0728 -4.20663
v 6.91922 18.9156 -4.14272
v 7.0561 18.9758 -4.20536
v 7.04758 19.0292 -4.15561
v 6.91922 18.9156 -4.14272
v 7.04758 19.0292 -4.15561
v 6.91159 18.972 -4.08567
v 6.91159 18.972 -4.08567
v 7.04758 19.0292 -4.15561
v 7.01665 19.0728 -4.20663
v 6.91159 18.972 -4.08567
v 7.01665 19.0728 -4.20663
v 6.878 19.0169 -4.14404
v 6.77699 18.858 -4.11404
v 6.91922 18.9156 -4.14272
v 6.91159 18.972 -4.08567
v 6.77699 18.858 -4.11404
v 6.91159 18.972 -4.08567
v 6.77003 18.9121 -4.06157
v 6.77003 18.9121 -4.06157
v 6.91159 18.972 -4.08567
v 6.878 19.0169 -4.14404
v 6.77003 18.9121 -4.06157
v 6.878 19.0169 -4.14404
v 6.73754 18.9549 -4.11531
v 6.67936 18.8288 -4.12841
v 6.77699 18.858 -4.11404
v 6.77003 18.9121 -4.06157
v 6.67936 18.8288 -4.12841
v 6.77003 18.9121 -4.06157
v 6.65433 18.8628 -4.10419
v 6.65433 18.8628 -4.10419
v 6.77003 18.9121 -4.06157
v 6.73754 18.9549 -4.11531
v 6.65433 18.8628 -4.10419
v 6.73754 18.9549 -4.11531
v 6.64845 18.9048 -4.1294
v 6.63058 18.7953 -4.24027
v 6.67936 18.8288 -4.12841
v 6.65433 18.8628 -4.10419
v 6.63058 18.7953 -4.24027
v 6.65433 18.8628 -4.10419
v 6.57516 18.8287 -4.22884
v 6.57516 18.8287 -4.22884
v 6.65433 18.8628 -4.10419
v 6.64845 18.9048 -4.1294
v 6.57516 18.8287 -4.22884
v 6.64845 18.9048 -4.1294
v 6.59112 18.8923 -4.24153
v 6.59245 18.7758 -4.43586
v 6.63058 18.7953 -4.24027
v 6.57516 18.8287 -4.22884
v 6.59245 18.7758 -4.43586
v 6.57516 18.8287 -4.22884
v 6.53606 18.8113 -4.41962
v 6.53606 18.8113 -4.41962
v 6.57516 18.8287 -4.22884
v 6.59112 18.8923 -4.24153
v 6.53606 18.8113 -4.41962
v 6.59112 18.8923 -4.24153
v 6.55124 18.877 -4.43719
v 6.58984 18.7762 -4.64795
v 6.59245 18.7758 -4.43586
v 6.53606 18.8113 -4.41962
v 6.58984 18.7762 -4.64795
v 6.53606 18.8113 -4.41962
v 6.54177 18.8127 -4.63073
v 6.54177 18.8127 -4.63073
v 6.53606 18.8113 -4.41962
v 6.55124 18.877 -4.43719
v 6.54177 18.8127 -4.63073
v 6.55124 18.877 -4.43719
v 6.5504 18.8731 -4.64923
v 6.60573 18.7945 -4.79258
v 6.58984 18.7762 -4.64795
v 6.54177 18.8127 -4.63073
v 6.60573 18.7945 -4.79258
v 6.54177 18.8127 -4.63073
v 6.5812 18.8286 -4.809
v 6.5812 18.8286 -4.809
v 6.54177 18.8127 -4.63073
v 6.5504 18.8731 -4.64923
v 6.5812 18.8286 -4.809
v 6.5504 18.8731 -4.64923
v 6.57483 18.8705 -4.79359
v 6.60573 18.7945 -4.79258
v 6.66835 18.8084 -4.86978
v 6.68202 18.7901 -4.70412
v 6.60573 18.7945 -4.79258
v 6.68202 18.7901 -4.70412
v 6.58984 18.7762 -4.64795
v 6.58984 18.7762 -4.64795
v 6.68202 18.7901 -4.70412
v 6.70368 18.7968 -4.48079
v 6.58984 18.7762 -4.64795
v 6.70368 18.7968 -4.48079
v 6.59245 18.7758 -4.43586
v 6.68202 18.7901 -4.70412
v 6.80665 18.8392 -4.74723
v 6.84785 18.854 -4.52685
v 6.68202 18.7901 -4.70412
v 6.84785 18.854 -4.52685
v 6.70368 18.7968 -4.48079
v 6.70368 18.7968 -4.48079
v 6.84785 18.854 -4.52685
v 6.89204 18.8774 -4.30597
v 6.70368 18.7968 -4.48079
v 6.89204 18.8774 -4.30597
v 6.74442 18.8186 -4.26557
v 6.59245 18.7758 -4.43586
v 6.70368 18.7968 -4.48079
v 6.74442 18.8186 -4.26557
v 6.59245 18.7758 -4.43586
v 6.74442 18.8186 -4.26557
v 6.63058 18.7953 -4.24027
v 6.74442 18.8186 -4.26557
v 6.89204 18.8774 -4.30597
v 6.91922 18.9156 -4.14272
v 6.74442 18.8186 -4.26557
v 6.91922 18.9156 -4.14272
v 6.77699 18.858 -4.11404
v 6.63058 18.7953 -4.24027
v 6.74442 18.8186 -4.26557
v 6.77699 18.858 -4.11404
v 6.63058 18.7953 -4.24027
v 6.77699 18.858 -4.11404
v 6.67936 18.8288 -4.12841
v 6.89204 18.8774 -4.30597
v 7.03877 18.9429 -4.35197
v 7.0561 18.9758 -4.20536
v 6.89204 18.8774 -4.30597
v 7.0561 18.9758 -4.20536
v 6.91922 18.9156 -4.14272
v 6.84785 18.854 -4.52685
v 6.99674 18.9207 -4.54891
v 7.03877 18.9429 -4.35197
v 6.84785 18.854 -4.52685
v 7.03877 18.9429 -4.35197
v 6.89204 18.8774 -4.30597
v 6.99674 18.9207 -4.54891
v 7.10215 18.9913 -4.55436
v 7.13744 19.0095 -4.38845
v 6.99674 18.9207 -4.54891
v 7.13744 19.0095 -4.38845
v 7.03877 18.9429 -4.35197
v 7.03877 18.9429 -4.35197
v 7.13744 19.0095 -4.38845
v 7.13148 19.0197 -4.27283
v 7.03877 18.9429 -4.35197
v 7.13148 19.0197 -4.27283
v 7.0561 18.9758 -4.20536
v 6.9428 18.9006 -4.73868
v 7.04057 18.967 -4.70945
v 7.10215 18.9913 -4.55436
v 6.9428 18.9006 -4.73868
v 7.10215 18.9913 -4.55436
v 6.99674 18.9207 -4.54891
v 6.80665 18.8392 -4.74723
v 6.9428 18.9006 -4.73868
v 6.99674 18.9207 -4.54891
v 6.80665 18.8392 -4.74723
v 6.99674 18.9207 -4.54891
v 6.84785 18.854 -4.52685
v 6.89126 18.903 -4.8744
v 6.97685 18.9519 -4.81199
v 7.04057 18.967 -4.70945
v 6.89126 18.903 -4.8744
v 7.04057 18.967 -4.70945
v 6.9428 18.9006 -4.73868
v 6.55124 18.877 -4.43719
v 6.59112 18.8923 -4.24153
v 6.68765 18.9581 -4.2674
v 6.55124 18.877 -4.43719
v 6.68765 18.9581 -4.2674
v 6.64445 18.9424 -4.48271
v 6.59112 18.8923 -4.24153
v 6.64845 18.9048 -4.1294
v 6.73754 18.9549 -4.11531
v 6.59112 18.8923 -4.24153
v 6.73754 18.9549 -4.11531
v 6.68765 18.9581 -4.2674
v 6.68765 18.9581 -4.2674
v 6.73754 18.9549 -4.11531
v 6.878 19.0169 -4.14404
v 6.68765 18.9581 -4.2674
v 6.878 19.0169 -4.14404
v 6.8328 19.023 -4.30788
v 6.64445 18.9424 -4.48271
v 6.68765 18.9581 -4.2674
v 6.8328 19.023 -4.30788
v 6.64445 18.9424 -4.48271
v 6.8328 19.023 -4.30788
v 6.78604 19.006 -4.52885
v 6.8328 19.023 -4.30788
v 6.878 19.0169 -4.14404
v 7.01665 19.0728 -4.20663
v 6.8328 19.023 -4.30788
v 7.01665 19.0728 -4.20663
v 6.98201 19.0824 -4.35381
v 6.78604 19.006 -4.52885
v 6.8328 19.023 -4.30788
v 6.98201 19.0824 -4.35381
v 6.78604 19.006 -4.52885
v 6.98201 19.0824 -4.35381
v 6.93751 19.0663 -4.55084
v 6.98201 19.0824 -4.35381
v 7.01665 19.0728 -4.20663
v 7.10058 19.0957 -4.27384
v 6.98201 19.0824 -4.35381
v 7.10058 19.0957 -4.27384
v 7.09799 19.1064 -4.38973
v 6.93751 19.0663 -4.55084
v 6.98201 19.0824 -4.35381
v 7.09799 19.1064 -4.38973
v 6.93751 19.0663 -4.55084
v 7.09799 19.1064 -4.38973
v 7.06095 19.0925 -4.55571
v 6.31211 18.9912 -5.2357
v 6.37147 18.9695 -5.28523
v 6.5263 18.8786 -5.19254
v 6.31211 18.9912 -5.2357
v 6.5263 18.8786 -5.19254
v 6.47748 18.8947 -5.13331
v 6.30754 18.9946 -5.15724
v 6.31211 18.9912 -5.2357
v 6.47748 18.8947 -5.13331
v 6.30754 18.9946 -5.15724
v 6.47748 18.8947 -5.13331
v 6.45918 18.905 -5.05926
v 6.37147 18.9695 -5.28523
v 6.31211 18.9912 -5.2357
v 6.2712 19.0681 -5.27133
v 6.37147 18.9695 -5.28523
v 6.2712 19.0681 -5.27133
v 6.33549 19.0418 -5.31782
v 6.31211 18.9912 -5.2357
v 6.30754 18.9946 -5.15724
v 6.27174 19.0668 -5.1894
v 6.31211 18.9912 -5.2357
v 6.27174 19.0668 -5.1894
v 6.2712 19.0681 -5.27133
v 6.2712 19.0681 -5.27133
v 6.27174 19.0668 -5.1894
v 6.34642 19.0918 -5.15531
v 6.2712 19.0681 -5.27133
v 6.34642 19.0918 -5.15531
v 6.35273 19.0927 -5.23368
v 6.33549 19.0418 -5.31782
v 6.2712 19.0681 -5.27133
v 6.35273 19.0927 -5.23368
v 6.33549 19.0418 -5.31782
v 6.35273 19.0927 -5.23368
v 6.41035 19.0667 -5.28329
v 6.30754 18.9946 -5.15724
v 6.34798 18.989 -5.08621
v 6.34177 19.0362 -5.08971
v 6.30754 18.9946 -5.15724
v 6.34177 19.0362 -5.08971
v 6.27174 19.0668 -5.1894
v 6.27174 19.0668 -5.1894
v 6.34177 19.0362 -5.08971
v 6.37844 19.0652 -5.0847
v 6.27174 19.0668 -5.1894
v 6.37844 19.0652 -5.0847
v 6.34642 19.0918 -5.15531
v 6.34642 19.0918 -5.15531
v 6.51513 19.0448 -5.05648
v 6.53587 19.0406 -5.1304
v 6.34642 19.0918 -5.15531
v 6.53587 19.0406 -5.1304
v 6.35273 19.0927 -5.23368
v 6.37844 19.0652 -5.0847
v 6.50628 19.0228 -4.99626
v 6.51513 19.0448 -5.05648
v 6.37844 19.0652 -5.0847
v 6.51513 19.0448 -5.05648
v 6.34642 19.0918 -5.15531
v 6.50628 19.0228 -4.99626
v 6.71523 18.9365 -4.87318
v 6.74428 18.9509 -4.92574
v 6.50628 19.0228 -4.99626
v 6.74428 18.9509 -4.92574
v 6.51513 19.0448 -5.05648
v 6.51513 19.0448 -5.05648
v 6.74428 18.9509 -4.92574
v 6.77643 18.942 -4.99611
v 6.51513 19.0448 -5.05648
v 6.77643 18.942 -4.99611
v 6.53587 19.0406 -5.1304
v 6.35273 19.0927 -5.23368
v 6.53587 19.0406 -5.1304
v 6.58224 19.0184 -5.18975
v 6.35273 19.0927 -5.23368
v 6.58224 19.0184 -5.18975
v 6.41035 19.0667 -5.28329
v 6.53587 19.0406 -5.1304
v 6.77643 18.942 -4.99611
v 6.81178 18.9245 -5.0646
v 6.53587 19.0406 -5.1304
v 6.81178 18.9245 -5.0646
v 6.58224 19.0184 -5.18975
v 6.58224 19.0184 -5.18975
v 6.81178 18.9245 -5.0646
v 6.83263 18.8905 -5.11469
v 6.58224 19.0184 -5.18975
v 6.83263 18.8905 -5.11469
v 6.62181 18.9774 -5.22556
v 6.41035 19.0667 -5.28329
v 6.58224 19.0184 -5.18975
v 6.62181 18.9774 -5.22556
v 6.41035 19.0667 -5.28329
v 6.62181 18.9774 -5.22556
v 6.4818 19.0246 -5.29078
v 6.45199 18.9929 -5.31006
v 6.33549 19.0418 -5.31782
v 6.41035 19.0667 -5.28329
v 6.45199 18.9929 -5.31006
v 6.41035 19.0667 -5.28329
v 6.4818 19.0246 -5.29078
v 6.6167 18.923 -5.24044
v 6.45199 18.9929 -5.31006
v 6.4818 19.0246 -5.29078
v 6.6167 18.923 -5.24044
v 6.4818 19.0246 -5.29078
v 6.62181 18.9774 -5.22556
v 6.58293 18.8803 -5.2275
v 6.45134 18.9485 -5.2923
v 6.45199 18.9929 -5.31006
v 6.58293 18.8803 -5.2275
v 6.45199 18.9929 -5.31006
v 6.6167 18.923 -5.24044
v 6.45134 18.9485 -5.2923
v 6.37147 18.9695 -5.28523
v 6.33549 19.0418 -5.31782
v 6.45134 18.9485 -5.2923
v 6.33549 19.0418 -5.31782
v 6.45199 18.9929 -5.31006
v 6.79202 18.789 -5.11672
v 6.58293 18.8803 -5.2275
v 6.6167 18.923 -5.24044
v 6.79202 18.789 -5.11672
v 6.6167 18.923 -5.24044
v 6.82303 18.8355 -5.13315
v 6.82303 18.8355 -5.13315
v 6.6167 18.923 -5.24044
v 6.62181 18.9774 -5.22556
v 6.82303 18.8355 -5.13315
v 6.62181 18.9774 -5.22556
v 6.83263 18.8905 -5.11469
v 7.00755 18.7003 -5.00751
v 6.79202 18.789 -5.11672
v 6.82303 18.8355 -5.13315
v 7.00755 18.7003 -5.00751
v 6.82303 18.8355 -5.13315
v 7.03442 18.746 -5.02583
v 7.03442 18.746 -5.02583
v 6.82303 18.8355 -5.13315
v 6.83263 18.8905 -5.11469
v 7.03442 18.746 -5.02583
v 6.83263 18.8905 -5.11469
v 7.04643 18.7975 -5.00557
v 7.14405 18.6549 -4.93146
v 7.00755 18.7003 -5.00751
v 7.03442 18.746 -5.02583
v 7.14405 18.6549 -4.93146
v 7.03442 18.746 -5.02583
v 7.18646 18.6816 -4.92881
v 7.18646 18.6816 -4.92881
v 7.03442 18.746 -5.02583
v 7.04643 18.7975 -5.00557
v 7.18646 18.6816 -4.92881
v 7.04643 18.7975 -5.00557
v 7.17451 18.731 -4.92994
v 7.16698 18.6323 -4.86435
v 7.14405 18.6549 -4.93146
v 7.18646 18.6816 -4.92881
v 7.16698 18.6323 -4.86435
v 7.18646 18.6816 -4.92881
v 7.24651 18.6556 -4.83595
v 7.24651 18.6556 -4.83595
v 7.18646 18.6816 -4.92881
v 7.17451 18.731 -4.92994
v 7.24651 18.6556 -4.83595
v 7.17451 18.731 -4.92994
v 7.20585 18.7294 -4.86241
v 7.15375 18.6342 -4.78189
v 7.16698 18.6323 -4.86435
v 7.24651 18.6556 -4.83595
v 7.15375 18.6342 -4.78189
v 7.24651 18.6556 -4.83595
v 7.23906 18.6576 -4.74944
v 7.23906 18.6576 -4.74944
v 7.24651 18.6556 -4.83595
v 7.20585 18.7294 -4.86241
v 7.23906 18.6576 -4.74944
v 7.20585 18.7294 -4.86241
v 7.19437 18.7358 -4.77987
v 7.11074 18.6539 -4.7192
v 7.15375 18.6342 -4.78189
v 7.23906 18.6576 -4.74944
v 7.11074 18.6539 -4.7192
v 7.23906 18.6576 -4.74944
v 7.1917 18.6766 -4.68766
v 7.1917 18.6766 -4.68766
v 7.23906 18.6576 -4.74944
v 7.19437 18.7358 -4.77987
v 7.1917 18.6766 -4.68766
v 7.19437 18.7358 -4.77987
v 7.14963 18.7511 -4.71727
v 7.05178 18.6905 -4.70061
v 7.11074 18.6539 -4.7192
v 7.1917 18.6766 -4.68766
v 7.05178 18.6905 -4.70061
v 7.1917 18.6766 -4.68766
v 7.089 18.7192 -4.68
v 7.089 18.7192 -4.68
v 7.1917 18.6766 -4.68766
v 7.14963 18.7511 -4.71727
v 7.089 18.7192 -4.68
v 7.14963 18.7511 -4.71727
v 7.08225 18.7666 -4.69909
v 6.89969 18.7422 -4.76101
v 7.05178 18.6905 -4.70061
v 7.089 18.7192 -4.68
v 6.89969 18.7422 -4.76101
v 7.089 18.7192 -4.68
v 6.91093 18.794 -4.74311
v 6.91093 18.794 -4.74311
v 7.089 18.7192 -4.68
v 7.08225 18.7666 -4.69909
v 6.91093 18.794 -4.74311
v 7.08225 18.7666 -4.69909
v 6.93857 18.8394 -4.75908
v 6.67461 18.8349 -4.8752
v 6.89969 18.7422 -4.76101
v 6.91093 18.794 -4.74311
v 6.67461 18.8349 -4.8752
v 6.91093 18.794 -4.74311
v 6.68802 18.8883 -4.8554
v 6.68802 18.8883 -4.8554
v 6.91093 18.794 -4.74311
v 6.93857 18.8394 -4.75908
v 6.68802 18.8883 -4.8554
v 6.93857 18.8394 -4.75908
v 6.71523 18.9365 -4.87318
v 6.46739 18.9256 -4.99819
v 6.67461 18.8349 -4.8752
v 6.68802 18.8883 -4.8554
v 6.46739 18.9256 -4.99819
v 6.68802 18.8883 -4.8554
v 6.48432 18.975 -4.97763
v 6.48432 18.975 -4.97763
v 6.68802 18.8883 -4.8554
v 6.71523 18.9365 -4.87318
v 6.48432 18.975 -4.97763
v 6.71523 18.9365 -4.87318
v 6.50628 19.0228 -4.99626
v 6.34798 18.989 -5.08621
v 6.46739 18.9256 -4.99819
v 6.48432 18.975 -4.97763
v 6.34798 18.989 -5.08621
v 6.48432 18.975 -4.97763
v 6.34177 19.0362 -5.08971
v 6.34177 19.0362 -5.08971
v 6.48432 18.975 -4.97763
v 6.50628 19.0228 -4.99626
v 6.34177 19.0362 -5.08971
v 6.50628 19.0228 -4.99626
v 6.37844 19.0652 -5.0847
v 6.34798 18.989 -5.08621
v 6.30754 18.9946 -5.15724
v 6.45918 18.905 -5.05926
v 6.34798 18.989 -5.08621
v 6.45918 18.905 -5.05926
v 6.46739 18.9256 -4.99819
v 6.46739 18.9256 -4.99819
v 6.45918 18.905 -5.05926
v 6.68589 18.805 -4.92864
v 6.46739 18.9256 -4.99819
v 6.68589 18.805 -4.92864
v 6.67461 18.8349 -4.8752
v 6.45918 18.905 -5.05926
v 6.47748 18.8947 -5.13331
v 6.71551 18.7898 -4.99915
v 6.45918 18.905 -5.05926
v 6.71551 18.7898 -4.99915
v 6.68589 18.805 -4.92864
v 6.68589 18.805 -4.92864
v 6.71551 18.7898 -4.99915
v 6.96143 18.6894 -4.87238
v 6.68589 18.805 -4.92864
v 6.96143 18.6894 -4.87238
v 6.92529 18.7072 -4.805
v 6.67461 18.8349 -4.8752
v 6.68589 18.805 -4.92864
v 6.92529 18.7072 -4.805
v 6.67461 18.8349 -4.8752
v 6.92529 18.7072 -4.805
v 6.89969 18.7422 -4.76101
v 6.92529 18.7072 -4.805
v 6.96143 18.6894 -4.87238
v 7.15375 18.6342 -4.78189
v 6.92529 18.7072 -4.805
v 7.15375 18.6342 -4.78189
v 7.11074 18.6539 -4.7192
v 6.89969 18.7422 -4.76101
v 6.92529 18.7072 -4.805
v 7.11074 18.6539 -4.7192
v 6.89969 18.7422 -4.76101
v 7.11074 18.6539 -4.7192
v 7.05178 18.6905 -4.70061
v 6.96143 18.6894 -4.87238
v 6.98782 18.6829 -4.94855
v 7.16698 18.6323 -4.86435
v 6.96143 18.6894 -4.87238
v 7.16698 18.6323 -4.86435
v 7.15375 18.6342 -4.78189
v 6.71551 18.7898 -4.99915
v 6.7534 18.7785 -5.06752
v 6.98782 18.6829 -4.94855
v 6.71551 18.7898 -4.99915
v 6.98782 18.6829 -4.94855
v 6.96143 18.6894 -4.87238
v 6.7534 18.7785 -5.06752
v 6.79202 18.789 -5.11672
v 7.00755 18.7003 -5.00751
v 6.7534 18.7785 -5.06752
v 7.00755 18.7003 -5.00751
v 6.98782 18.6829 -4.94855
v 6.98782 18.6829 -4.94855
v 7.00755 18.7003 -5.00751
v 7.14405 18.6549 -4.93146
v 6.98782 18.6829 -4.94855
v 7.14405 18.6549 -4.93146
v 7.16698 18.6323 -4.86435
v 6.5263 18.8786 -5.19254
v 6.58293 18.8803 -5.2275
v 6.79202 18.789 -5.11672
v 6.5263 18.8786 -5.19254
v 6.79202 18.789 -5.11672
v 6.7534 18.7785 -5.06752
v 6.47748 18.8947 -5.13331
v 6.5263 18.8786 -5.19254
v 6.7534 18.7785 -5.06752
v 6.47748 18.8947 -5.13331
v 6.7534 18.7785 -5.06752
v 6.71551 18.7898 -4.99915
v 6.37147 18.9695 -5.28523
v 6.45134 18.9485 -5.2923
v 6.58293 18.8803 -5.2275
v 6.37147 18.9695 -5.28523
v 6.58293 18.8803 -5.2275
v 6.5263 18.8786 -5.19254
v 6.71523 18.9365 -4.87318
v 6.93857 18.8394 -4.75908
v 6.98124 18.847 -4.80222
v 6.71523 18.9365 -4.87318
v 6.98124 18.847 -4.80222
v 6.74428 18.9509 -4.92574
v 6.93857 18.8394 -4.75908
v 7.08225 18.7666 -4.69909
v 7.14963 18.7511 -4.71727
v 6.93857 18.8394 -4.75908
v 7.14963 18.7511 -4.71727
v 6.98124 18.847 -4.80222
v 6.98124 18.847 -4.80222
v 7.14963 18.7511 -4.71727
v 7.19437 18.7358 -4.77987
v 6.98124 18.847 -4.80222
v 7.19437 18.7358 -4.77987
v 7.01982 18.8353 -4.86947
v 6.74428 18.9509 -4.92574
v 6.98124 18.847 -4.80222
v 7.01982 18.8353 -4.86947
v 6.74428 18.9509 -4.92574
v 7.01982 18.8353 -4.86947
v 6.77643 18.942 -4.99611
v 7.01982 18.8353 -4.86947
v 7.19437 18.7358 -4.77987
v 7.20585 18.7294 -4.86241
v 7.01982 18.8353 -4.86947
v 7.20585 18.7294 -4.86241
v 7.04376 18.8227 -4.94576
v 6.77643 18.942 -4.99611
v 7.01982 18.8353 -4.86947
v 7.04376 18.8227 -4.94576
v 6.77643 18.942 -4.99611
v 7.04376 18.8227 -4.94576
v 6.81178 18.9245 -5.0646
v 7.04376 18.8227 -4.94576
v 7.20585 18.7294 -4.86241
v 7.17451 18.731 -4.92994
v 7.04376 18.8227 -4.94576
v 7.17451 18.731 -4.92994
v 7.04643 18.7975 -5.00557
v 6.81178 18.9245 -5.0646
v 7.04376 18.8227 -4.94576
v 7.04643 18.7975 -5.00557
v 6.81178 18.9245 -5.0646
v 7.04643 18.7975 -5.00557
v 6.83263 18.8905 -5.11469
v 6.95914 18.8441 -5.38372
v 6.83853 18.8762 -5.32983
v 6.73414 18.8837 -5.51204
v 6.95914 18.8441 -5.38372
v 6.73414 18.8837 -5.51204
v 6.84602 18.8531 -5.57727
v 7.04642 18.8269 -5.4986
v 6.95914 18.8441 -5.38372
v 6.84602 18.8531 -5.57727
v 7.04642 18.8269 -5.4986
v 6.84602 18.8531 -5.57727
v 6.9404 18.8349 -5.6819
v 6.83853 18.8762 -5.32983
v 6.95914 18.8441 -5.38372
v 7.00939 18.8861 -5.3149
v 6.83853 18.8762 -5.32983
v 7.00939 18.8861 -5.3149
v 6.88272 18.9174 -5.2646
v 6.95914 18.8441 -5.38372
v 7.04642 18.8269 -5.4986
v 7.09444 18.8672 -5.43647
v 6.95914 18.8441 -5.38372
v 7.09444 18.8672 -5.43647
v 7.00939 18.8861 -5.3149
v 7.00939 18.8861 -5.3149
v 7.09444 18.8672 -5.43647
v 7.07158 18.9287 -5.49584
v 7.00939 18.8861 -5.3149
v 7.07158 18.9287 -5.49584
v 6.98544 18.9504 -5.38084
v 6.88272 18.9174 -5.2646
v 7.00939 18.8861 -5.3149
v 6.98544 18.9504 -5.38084
v 6.88272 18.9174 -5.2646
v 6.98544 18.9504 -5.38084
v 6.8637 18.9779 -5.32707
v 7.04642 18.8269 -5.4986
v 7.07538 18.834 -5.61408
v 7.10845 18.8677 -5.60246
v 7.04642 18.8269 -5.4986
v 7.10845 18.8677 -5.60246
v 7.09444 18.8672 -5.43647
v 7.09444 18.8672 -5.43647
v 7.10845 18.8677 -5.60246
v 7.09511 18.9138 -5.61192
v 7.09444 18.8672 -5.43647
v 7.09511 18.9138 -5.61192
v 7.07158 18.9287 -5.49584
v 7.07158 18.9287 -5.49584
v 6.97661 18.9813 -5.67793
v 6.88382 19.0059 -5.57313
v 7.07158 18.9287 -5.49584
v 6.88382 19.0059 -5.57313
v 6.98544 18.9504 -5.38084
v 7.09511 18.9138 -5.61192
v 7.02897 18.9465 -5.77325
v 6.97661 18.9813 -5.67793
v 7.09511 18.9138 -5.61192
v 6.97661 18.9813 -5.67793
v 7.07158 18.9287 -5.49584
v 7.02897 18.9465 -5.77325
v 6.88514 18.9919 -6.01401
v 6.82103 19.0312 -5.93863
v 7.02897 18.9465 -5.77325
v 6.82103 19.0312 -5.93863
v 6.97661 18.9813 -5.67793
v 6.97661 18.9813 -5.67793
v 6.82103 19.0312 -5.93863
v 6.72602 19.0568 -5.84462
v 6.97661 18.9813 -5.67793
v 6.72602 19.0568 -5.84462
v 6.88382 19.0059 -5.57313
v 6.98544 18.9504 -5.38084
v 6.88382 19.0059 -5.57313
v 6.77036 19.0301 -5.50808
v 6.98544 18.9504 -5.38084
v 6.77036 19.0301 -5.50808
v 6.8637 18.9779 -5.32707
v 6.88382 19.0059 -5.57313
v 6.72602 19.0568 -5.84462
v 6.6272 19.0766 -5.76226
v 6.88382 19.0059 -5.57313
v 6.6272 19.0766 -5.76226
v 6.77036 19.0301 -5.50808
v 6.77036 19.0301 -5.50808
v 6.6272 19.0766 -5.76226
v 6.54802 19.0709 -5.70725
v 6.77036 19.0301 -5.50808
v 6.54802 19.0709 -5.70725
v 6.67467 19.0303 -5.48144
v 6.8637 18.9779 -5.32707
v 6.77036 19.0301 -5.50808
v 6.67467 19.0303 -5.48144
v 6.8637 18.9779 -5.32707
v 6.67467 19.0303 -5.48144
v 6.76377 18.9923 -5.34292
v 6.75183 18.9522 -5.31294
v 6.88272 18.9174 -5.2646
v 6.8637 18.9779 -5.32707
v 6.75183 18.9522 -5.31294
v 6.8637 18.9779 -5.32707
v 6.76377 18.9923 -5.34292
v 6.63183 18.9869 -5.47055
v 6.75183 18.9522 -5.31294
v 6.76377 18.9923 -5.34292
v 6.63183 18.9869 -5.47055
v 6.76377 18.9923 -5.34292
v 6.67467 19.0303 -5.48144
v 6.6495 18.9285 -5.48419
v 6.74405 18.9125 -5.34508
v 6.75183 18.9522 -5.31294
v 6.6495 18.9285 -5.48419
v 6.75183 18.9522 -5.31294
v 6.63183 18.9869 -5.47055
v 6.74405 18.9125 -5.34508
v 6.83853 18.8762 -5.32983
v 6.88272 18.9174 -5.2646
v 6.74405 18.9125 -5.34508
v 6.88272 18.9174 -5.2646
v 6.75183 18.9522 -5.31294
v 6.52172 18.9646 -5.71013
v 6.6495 18.9285 -5.48419
v 6.63183 18.9869 -5.47055
v 6.52172 18.9646 -5.71013
v 6.63183 18.9869 -5.47055
v 6.50887 19.024 -5.68951
v 6.50887 19.024 -5.68951
v 6.63183 18.9869 -5.47055
v 6.67467 19.0303 -5.48144
v 6.50887 19.024 -5.68951
v 6.67467 19.0303 -5.48144
v 6.54802 19.0709 -5.70725
v 6.39021 19.0064 -5.92949
v 6.52172 18.9646 -5.71013
v 6.50887 19.024 -5.68951
v 6.39021 19.0064 -5.92949
v 6.50887 19.024 -5.68951
v 6.38442 19.0613 -5.89735
v 6.38442 19.0613 -5.89735
v 6.50887 19.024 -5.68951
v 6.54802 19.0709 -5.70725
v 6.38442 19.0613 -5.89735
v 6.54802 19.0709 -5.70725
v 6.41538 19.1082 -5.92674
v 6.31281 19.0421 -6.08372
v 6.39021 19.0064 -5.92949
v 6.38442 19.0613 -5.89735
v 6.31281 19.0421 -6.08372
v 6.38442 19.0613 -5.89735
v 6.30024 19.0879 -6.08781
v 6.30024 19.0879 -6.08781
v 6.38442 19.0613 -5.89735
v 6.41538 19.1082 -5.92674
v 6.30024 19.0879 -6.08781
v 6.41538 19.1082 -5.92674
v 6.33254 19.1219 -6.08156
v 6.31616 19.033 -6.21591
v 6.31281 19.0421 -6.08372
v 6.30024 19.0879 -6.08781
v 6.31616 19.033 -6.21591
v 6.30024 19.0879 -6.08781
v 6.28517 19.0968 -6.27856
v 6.28517 19.0968 -6.27856
v 6.30024 19.0879 -6.08781
v 6.33254 19.1219 -6.08156
v 6.28517 19.0968 -6.27856
v 6.33254 19.1219 -6.08156
v 6.34134 19.1347 -6.21316
v 6.37067 19.0202 -6.35798
v 6.31616 19.033 -6.21591
v 6.28517 19.0968 -6.27856
v 6.37067 19.0202 -6.35798
v 6.28517 19.0968 -6.27856
v 6.33283 19.0886 -6.43545
v 6.33283 19.0886 -6.43545
v 6.28517 19.0968 -6.27856
v 6.34134 19.1347 -6.21316
v 6.33283 19.0886 -6.43545
v 6.34134 19.1347 -6.21316
v 6.39697 19.1265 -6.3551
v 6.4634 19.0005 -6.42464
v 6.37067 19.0202 -6.35798
v 6.33283 19.0886 -6.43545
v 6.4634 19.0005 -6.42464
v 6.33283 19.0886 -6.43545
v 6.4267 19.066 -6.49681
v 6.4267 19.066 -6.49681
v 6.33283 19.0886 -6.43545
v 6.39697 19.1265 -6.3551
v 6.4267 19.066 -6.49681
v 6.39697 19.1265 -6.3551
v 6.48858 19.1022 -6.42189
v 6.55655 18.9878 -6.41024
v 6.4634 19.0005 -6.42464
v 6.4267 19.066 -6.49681
v 6.55655 18.9878 -6.41024
v 6.4267 19.066 -6.49681
v 6.55618 19.0312 -6.44347
v 6.55618 19.0312 -6.44347
v 6.4267 19.066 -6.49681
v 6.48858 19.1022 -6.42189
v 6.55618 19.0312 -6.44347
v 6.48858 19.1022 -6.42189
v 6.57627 19.0675 -6.40808
v 6.68362 18.9394 -6.26105
v 6.55655 18.9878 -6.41024
v 6.55618 19.0312 -6.44347
v 6.68362 18.9394 -6.26105
v 6.55618 19.0312 -6.44347
v 6.72018 18.9846 -6.27807
v 6.72018 18.9846 -6.27807
v 6.55618 19.0312 -6.44347
v 6.57627 19.0675 -6.40808
v 6.72018 18.9846 -6.27807
v 6.57627 19.0675 -6.40808
v 6.7088 19.0411 -6.25829
v 6.85884 18.8856 -6.01689
v 6.68362 18.9394 -6.26105
v 6.72018 18.9846 -6.27807
v 6.85884 18.8856 -6.01689
v 6.72018 18.9846 -6.27807
v 6.89657 18.9331 -6.04229
v 6.89657 18.9331 -6.04229
v 6.72018 18.9846 -6.27807
v 6.7088 19.0411 -6.25829
v 6.89657 18.9331 -6.04229
v 6.7088 19.0411 -6.25829
v 6.88514 18.9919 -6.01401
v 7.0038 18.8447 -5.77601
v 6.85884 18.8856 -6.01689
v 6.89657 18.9331 -6.04229
v 7.0038 18.8447 -5.77601
v 6.89657 18.9331 -6.04229
v 7.03816 18.8908 -5.80523
v 7.03816 18.8908 -5.80523
v 6.89657 18.9331 -6.04229
v 6.88514 18.9919 -6.01401
v 7.03816 18.8908 -5.80523
v 6.88514 18.9919 -6.01401
v 7.02897 18.9465 -5.77325
v 7.07538 18.834 -5.61408
v 7.0038 18.8447 -5.77601
v 7.03816 18.8908 -5.80523
v 7.07538 18.834 -5.61408
v 7.03816 18.8908 -5.80523
v 7.10845 18.8677 -5.60246
v 7.10845 18.8677 -5.60246
v 7.03816 18.8908 -5.80523
v 7.02897 18.9465 -5.77325
v 7.10845 18.8677 -5.60246
v 7.02897 18.9465 -5.77325
v 7.09511 18.9138 -5.61192
v 7.07538 18.834 -5.61408
v 7.04642 18.8269 -5.4986
v 6.9404 18.8349 -5.6819
v 7.07538 18.834 -5.61408
v 6.9404 18.8349 -5.6819
v 7.0038 18.8447 -5.77601
v 7.0038 18.8447 -5.77601
v 6.9404 18.8349 -5.6819
v 6.78323 18.8784 -5.94277
v 7.0038 18.8447 -5.77601
v 6.78323 18.8784 -5.94277
v 6.85884 18.8856 -6.01689
v 6.9404 18.8349 -5.6819
v 6.84602 18.8531 -5.57727
v 6.68657 18.8973 -5.84894
v 6.9404 18.8349 -5.6819
v 6.68657 18.8973 -5.84894
v 6.78323 18.8784 -5.94277
v 6.78323 18.8784 -5.94277
v 6.68657 18.8973 -5.84894
v 6.50744 18.9544 -6.13727
v 6.78323 18.8784 -5.94277
v 6.50744 18.9544 -6.13727
v 6.60163 18.9356 -6.21854
v 6.85884 18.8856 -6.01689
v 6.78323 18.8784 -5.94277
v 6.60163 18.9356 -6.21854
v 6.85884 18.8856 -6.01689
v 6.60163 18.9356 -6.21854
v 6.68362 18.9394 -6.26105
v 6.60163 18.9356 -6.21854
v 6.50744 18.9544 -6.13727
v 6.37067 19.0202 -6.35798
v 6.60163 18.9356 -6.21854
v 6.37067 19.0202 -6.35798
v 6.4634 19.0005 -6.42464
v 6.68362 18.9394 -6.26105
v 6.60163 18.9356 -6.21854
v 6.4634 19.0005 -6.42464
v 6.68362 18.9394 -6.26105
v 6.4634 19.0005 -6.42464
v 6.55655 18.9878 -6.41024
v 6.50744 18.9544 -6.13727
v 6.43174 18.9744 -6.0249
v 6.31616 19.033 -6.21591
v 6.50744 18.9544 -6.13727
v 6.31616 19.033 -6.21591
v 6.37067 19.0202 -6.35798
v 6.68657 18.8973 -5.84894
v 6.58939 18.9238 -5.76639
v 6.43174 18.9744 -6.0249
v 6.68657 18.8973 -5.84894
v 6.43174 18.9744 -6.0249
v 6.50744 18.9544 -6.13727
v 6.58939 18.9238 -5.76639
v 6.52172 18.9646 -5.71013
v 6.39021 19.0064 -5.92949
v 6.58939 18.9238 -5.76639
v 6.39021 19.0064 -5.92949
v 6.43174 18.9744 -6.0249
v 6.43174 18.9744 -6.0249
v 6.39021 19.0064 -5.92949
v 6.31281 19.0421 -6.08372
v 6.43174 18.9744 -6.0249
v 6.31281 19.0421 -6.08372
v 6.31616 19.033 -6.21591
v 6.73414 18.8837 -5.51204
v 6.6495 18.9285 -5.48419
v 6.52172 18.9646 -5.71013
v 6.73414 18.8837 -5.51204
v 6.52172 18.9646 -5.71013
v 6.58939 18.9238 -5.76639
v 6.84602 18.8531 -5.57727
v 6.73414 18.8837 -5.51204
v 6.58939 18.9238 -5.76639
v 6.84602 18.8531 -5.57727
v 6.58939 18.9238 -5.76639
v 6.68657 18.8973 -5.84894
v 6.83853 18.8762 -5.32983
v 6.74405 18.9125 -5.34508
v 6.6495 18.9285 -5.48419
v 6.83853 18.8762 -5.32983
v 6.6495 18.9285 -5.48419
v 6.73414 18.8837 -5.51204
v 6.88514 18.9919 -6.01401
v 6.7088 19.0411 -6.25829
v 6.63785 19.082 -6.21458
v 6.88514 18.9919 -6.01401
v 6.63785 19.082 -6.21458
v 6.82103 19.0312 -5.93863
v 6.7088 19.0411 -6.25829
v 6.57627 19.0675 -6.40808
v 6.48858 19.1022 -6.42189
v 6.7088 19.0411 -6.25829
v 6.48858 19.1022 -6.42189
v 6.63785 19.082 -6.21458
v 6.63785 19.082 -6.21458
v 6.48858 19.1022 -6.42189
v 6.39697 19.1265 -6.3551
v 6.63785 19.082 -6.21458
v 6.39697 19.1265 -6.3551
v 6.54524 19.1072 -6.13314
v 6.82103 19.0312 -5.93863
v 6.63785 19.082 -6.21458
v 6.54524 19.1072 -6.13314
v 6.82103 19.0312 -5.93863
v 6.54524 19.1072 -6.13314
v 6.72602 19.0568 -5.84462
v 6.54524 19.1072 -6.13314
v 6.39697 19.1265 -6.3551
v 6.34134 19.1347 -6.21316
v 6.54524 19.1072 -6.13314
v 6.34134 19.1347 -6.21316
v 6.46796 19.1208 -6.02094
v 6.72602 19.0568 -5.84462
v 6.54524 19.1072 -6.13314
v 6.46796 19.1208 -6.02094
v 6.72602 19.0568 -5.84462
v 6.46796 19.1208 -6.02094
v 6.6272 19.0766 -5.76226
v 6.46796 19.1208 -6.02094
v 6.34134 19.1347 -6.21316
v 6.33254 19.1219 -6.08156
v 6.46796 19.1208 -6.02094
v 6.33254 19.1219 -6.08156
v 6.41538 19.1082 -5.92674
v 6.6272 19.0766 -5.76226
v 6.46796 19.1208 -6.02094
v 6.41538 19.1082 -5.92674
v 6.6272 19.0766 -5.76226
v 6.41538 19.1082 -5.92674
v 6.54802 19.0709 -5.70725
v 9.02123 19.2103 -1.19362
v 9.12416 19.18 -1.31905
v 9.15278 19.2159 -1.34369
v 9.02123 19.2103 -1.19362
v 9.15278 19.2159 -1.34369
v 9.04378 19.2685 -1.19041
v 8.96153 19.1603 -1.25472
v 9.11015 19.1385 -1.39581
v 9.12416 19.18 -1.31905
v 8.96153 19.1603 -1.25472
v 9.12416 19.18 -1.31905
v 9.02123 19.2103 -1.19362
v 9.12416 19.18 -1.31905
v 9.11015 19.1385 -1.39581
v 9.16118 19.1731 -1.45898
v 9.12416 19.18 -1.31905
v 9.16118 19.1731 -1.45898
v 9.15278 19.2159 -1.34369
v 9.15278 19.2159 -1.34369
v 9.16118 19.1731 -1.45898
v 9.10591 19.237 -1.43139
v 9.15278 19.2159 -1.34369
v 9.10591 19.237 -1.43139
v 9.12086 19.2571 -1.34694
v 9.04378 19.2685 -1.19041
v 9.15278 19.2159 -1.34369
v 9.12086 19.2571 -1.34694
v 9.04378 19.2685 -1.19041
v 9.12086 19.2571 -1.34694
v 9.01707 19.3088 -1.22922
v 9.11015 19.1385 -1.39581
v 9.0454 19.1002 -1.48376
v 9.10283 19.1369 -1.54865
v 9.11015 19.1385 -1.39581
v 9.10283 19.1369 -1.54865
v 9.16118 19.1731 -1.45898
v 9.16118 19.1731 -1.45898
v 9.10283 19.1369 -1.54865
v 9.04093 19.2031 -1.5209
v 9.16118 19.1731 -1.45898
v 9.04093 19.2031 -1.5209
v 9.10591 19.237 -1.43139
v 8.9555 19.3019 -1.30592
v 9.01707 19.3088 -1.22922
v 9.12086 19.2571 -1.34694
v 8.9555 19.3019 -1.30592
v 9.12086 19.2571 -1.34694
v 9.10591 19.237 -1.43139
v 8.87169 19.2672 -1.39805
v 8.9555 19.3019 -1.30592
v 9.10591 19.237 -1.43139
v 8.87169 19.2672 -1.39805
v 9.10591 19.237 -1.43139
v 9.04093 19.2031 -1.5209
v 8.74163 19.3627 -1.12799
v 8.82221 19.3673 -1.05667
v 9.01707 19.3088 -1.22922
v 8.74163 19.3627 -1.12799
v 9.01707 19.3088 -1.22922
v 8.9555 19.3019 -1.30592
v 8.64816 19.3266 -1.22318
v 8.74163 19.3627 -1.12799
v 8.9555 19.3019 -1.30592
v 8.64816 19.3266 -1.22318
v 8.9555 19.3019 -1.30592
v 8.87169 19.2672 -1.39805
v 8.79087 19.2279 -1.48401
v 8.87169 19.2672 -1.39805
v 9.04093 19.2031 -1.5209
v 8.79087 19.2279 -1.48401
v 9.04093 19.2031 -1.5209
v 8.95793 19.1711 -1.58975
v 8.57798 19.2799 -1.3297
v 8.64816 19.3266 -1.22318
v 8.87169 19.2672 -1.39805
v 8.57798 19.2799 -1.3297
v 8.87169 19.2672 -1.39805
v 8.79087 19.2279 -1.48401
v 8.5376 19.2234 -1.4075
v 8.57798 19.2799 -1.3297
v 8.79087 19.2279 -1.48401
v 8.5376 19.2234 -1.4075
v 8.79087 19.2279 -1.48401
v 8.73299 19.1811 -1.53654
v 8.73299 19.1811 -1.53654
v 8.79087 19.2279 -1.48401
v 8.95793 19.1711 -1.58975
v 8.73299 19.1811 -1.53654
v 8.95793 19.1711 -1.58975
v 8.87707 19.1489 -1.60711
v 8.89599 19.1016 -1.61835
v 8.71873 19.1223 -1.5423
v 8.73299 19.1811 -1.53654
v 8.89599 19.1016 -1.61835
v 8.73299 19.1811 -1.53654
v 8.87707 19.1489 -1.60711
v 8.71873 19.1223 -1.5423
v 8.52613 19.1598 -1.4198
v 8.5376 19.2234 -1.4075
v 8.71873 19.1223 -1.5423
v 8.5376 19.2234 -1.4075
v 8.73299 19.1811 -1.53654
v 8.7373 19.0826 -1.50104
v 8.54206 19.1205 -1.3704
v 8.52613 19.1598 -1.4198
v 8.7373 19.0826 -1.50104
v 8.52613 19.1598 -1.4198
v 8.71873 19.1223 -1.5423
v 8.88047 19.0717 -1.57928
v 8.7373 19.0826 -1.50104
v 8.71873 19.1223 -1.5423
v 8.88047 19.0717 -1.57928
v 8.71873 19.1223 -1.5423
v 8.89599 19.1016 -1.61835
v 8.96225 19.0727 -1.55422
v 8.88047 19.0717 -1.57928
v 8.89599 19.1016 -1.61835
v 8.96225 19.0727 -1.55422
v 8.89599 19.1016 -1.61835
v 9.01788 19.109 -1.61313
v 9.01788 19.109 -1.61313
v 8.89599 19.1016 -1.61835
v 8.87707 19.1489 -1.60711
v 9.01788 19.109 -1.61313
v 8.87707 19.1489 -1.60711
v 8.95793 19.1711 -1.58975
v 9.0454 19.1002 -1.48376
v 8.96225 19.0727 -1.55422
v 9.01788 19.109 -1.61313
v 9.0454 19.1002 -1.48376
v 9.01788 19.109 -1.61313
v 9.10283 19.1369 -1.54865
v 9.10283 19.1369 -1.54865
v 9.01788 19.109 -1.61313
v 8.95793 19.1711 -1.58975
v 9.10283 19.1369 -1.54865
v 8.95793 19.1711 -1.58975
v 9.04093 19.2031 -1.5209
v 8.79703 19.0863 -1.43289
v 8.96225 19.0727 -1.55422
v 9.0454 19.1002 -1.48376
v 8.79703 19.0863 -1.43289
v 9.0454 19.1002 -1.48376
v 8.87805 19.1194 -1.34466
v 8.7373 19.0826 -1.50104
v 8.88047 19.0717 -1.57928
v 8.96225 19.0727 -1.55422
v 8.7373 19.0826 -1.50104
v 8.96225 19.0727 -1.55422
v 8.79703 19.0863 -1.43289
v 8.54206 19.1205 -1.3704
v 8.7373 19.0826 -1.50104
v 8.79703 19.0863 -1.43289
v 8.54206 19.1205 -1.3704
v 8.79703 19.0863 -1.43289
v 8.58432 19.1321 -1.27635
v 8.58432 19.1321 -1.27635
v 8.79703 19.0863 -1.43289
v 8.87805 19.1194 -1.34466
v 8.58432 19.1321 -1.27635
v 8.87805 19.1194 -1.34466
v 8.6547 19.1723 -1.16746
v 8.38792 19.164 -1.24323
v 8.54206 19.1205 -1.3704
v 8.58432 19.1321 -1.27635
v 8.38792 19.164 -1.24323
v 8.58432 19.1321 -1.27635
v 8.39749 19.1842 -1.12488
v 8.39749 19.1842 -1.12488
v 8.58432 19.1321 -1.27635
v 8.6547 19.1723 -1.16746
v 8.39749 19.1842 -1.12488
v 8.6547 19.1723 -1.16746
v 8.43786 19.2314 -0.994278
v 8.30258 19.2084 -1.14733
v 8.38792 19.164 -1.24323
v 8.39749 19.1842 -1.12488
v 8.30258 19.2084 -1.14733
v 8.39749 19.1842 -1.12488
v 8.27231 19.2422 -1.02141
v 8.27231 19.2422 -1.02141
v 8.39749 19.1842 -1.12488
v 8.43786 19.2314 -0.994278
v 8.27231 19.2422 -1.02141
v 8.43786 19.2314 -0.994278
v 8.27986 19.2951 -0.874304
v 8.30258 19.2084 -1.14733
v 8.27231 19.2422 -1.02141
v 8.2284 19.3029 -1.0037
v 8.30258 19.2084 -1.14733
v 8.2284 19.3029 -1.0037
v 8.28872 19.2438 -1.16805
v 8.27231 19.2422 -1.02141
v 8.27986 19.2951 -0.874304
v 8.22256 19.361 -0.847734
v 8.27231 19.2422 -1.02141
v 8.22256 19.361 -0.847734
v 8.2284 19.3029 -1.0037
v 8.2284 19.3029 -1.0037
v 8.22256 19.361 -0.847734
v 8.27562 19.398 -0.911462
v 8.2284 19.3029 -1.0037
v 8.27562 19.398 -0.911462
v 8.26819 19.3406 -1.05695
v 8.28872 19.2438 -1.16805
v 8.2284 19.3029 -1.0037
v 8.26819 19.3406 -1.05695
v 8.28872 19.2438 -1.16805
v 8.26819 19.3406 -1.05695
v 8.29931 19.2855 -1.17517
v 8.38792 19.164 -1.24323
v 8.30258 19.2084 -1.14733
v 8.28872 19.2438 -1.16805
v 8.38792 19.164 -1.24323
v 8.28872 19.2438 -1.16805
v 8.38238 19.1988 -1.29915
v 8.38238 19.1988 -1.29915
v 8.28872 19.2438 -1.16805
v 8.29931 19.2855 -1.17517
v 8.38238 19.1988 -1.29915
v 8.29931 19.2855 -1.17517
v 8.38371 19.2624 -1.27874
v 8.54206 19.1205 -1.3704
v 8.38792 19.164 -1.24323
v 8.38238 19.1988 -1.29915
v 8.54206 19.1205 -1.3704
v 8.38238 19.1988 -1.29915
v 8.52613 19.1598 -1.4198
v 8.52613 19.1598 -1.4198
v 8.38238 19.1988 -1.29915
v 8.38371 19.2624 -1.27874
v 8.52613 19.1598 -1.4198
v 8.38371 19.2624 -1.27874
v 8.5376 19.2234 -1.4075
v 8.38371 19.2624 -1.27874
v 8.3915 19.3259 -1.176
v 8.57798 19.2799 -1.3297
v 8.38371 19.2624 -1.27874
v 8.57798 19.2799 -1.3297
v 8.5376 19.2234 -1.4075
v 8.29931 19.2855 -1.17517
v 8.26819 19.3406 -1.05695
v 8.3915 19.3259 -1.176
v 8.29931 19.2855 -1.17517
v 8.3915 19.3259 -1.176
v 8.38371 19.2624 -1.27874
v 8.26819 19.3406 -1.05695
v 8.27562 19.398 -0.911462
v 8.4317 19.3793 -1.04768
v 8.26819 19.3406 -1.05695
v 8.4317 19.3793 -1.04768
v 8.3915 19.3259 -1.176
v 8.3915 19.3259 -1.176
v 8.4317 19.3793 -1.04768
v 8.64816 19.3266 -1.22318
v 8.3915 19.3259 -1.176
v 8.64816 19.3266 -1.22318
v 8.57798 19.2799 -1.3297
v 8.4317 19.3793 -1.04768
v 8.51827 19.414 -0.955714
v 8.74163 19.3627 -1.12799
v 8.4317 19.3793 -1.04768
v 8.74163 19.3627 -1.12799
v 8.64816 19.3266 -1.22318
v 8.27562 19.398 -0.911462
v 8.35287 19.43 -0.828038
v 8.51827 19.414 -0.955714
v 8.27562 19.398 -0.911462
v 8.51827 19.414 -0.955714
v 8.4317 19.3793 -1.04768
v 8.35287 19.43 -0.828038
v 8.45193 19.4277 -0.813292
v 8.60458 19.4137 -0.90089
v 8.35287 19.43 -0.828038
v 8.60458 19.4137 -0.90089
v 8.51827 19.414 -0.955714
v 8.51827 19.414 -0.955714
v 8.60458 19.4137 -0.90089
v 8.82221 19.3673 -1.05667
v 8.51827 19.414 -0.955714
v 8.82221 19.3673 -1.05667
v 8.74163 19.3627 -1.12799
v 8.44074 19.3972 -0.776511
v 8.63424 19.3722 -0.865557
v 8.60458 19.4137 -0.90089
v 8.44074 19.3972 -0.776511
v 8.60458 19.4137 -0.90089
v 8.45193 19.4277 -0.813292
v 8.63424 19.3722 -0.865557
v 8.85334 19.3253 -1.01629
v 8.82221 19.3673 -1.05667
v 8.63424 19.3722 -0.865557
v 8.82221 19.3673 -1.05667
v 8.60458 19.4137 -0.90089
v 8.60862 19.3152 -0.865288
v 8.82649 19.2645 -1.01948
v 8.85334 19.3253 -1.01629
v 8.60862 19.3152 -0.865288
v 8.85334 19.3253 -1.01629
v 8.63424 19.3722 -0.865557
v 8.45507 19.3506 -0.785396
v 8.60862 19.3152 -0.865288
v 8.63424 19.3722 -0.865557
v 8.45507 19.3506 -0.785396
v 8.63424 19.3722 -0.865557
v 8.44074 19.3972 -0.776511
v 8.35689 19.3316 -0.79245
v 8.45507 19.3506 -0.785396
v 8.44074 19.3972 -0.776511
v 8.35689 19.3316 -0.79245
v 8.44074 19.3972 -0.776511
v 8.29838 19.3942 -0.767839
v 8.29838 19.3942 -0.767839
v 8.44074 19.3972 -0.776511
v 8.45193 19.4277 -0.813292
v 8.29838 19.3942 -0.767839
v 8.45193 19.4277 -0.813292
v 8.35287 19.43 -0.828038
v 8.27986 19.2951 -0.874304
v 8.35689 19.3316 -0.79245
v 8.29838 19.3942 -0.767839
v 8.27986 19.2951 -0.874304
v 8.29838 19.3942 -0.767839
v 8.22256 19.361 -0.847734
v 8.22256 19.361 -0.847734
v 8.29838 19.3942 -0.767839
v 8.35287 19.43 -0.828038
v 8.22256 19.361 -0.847734
v 8.35287 19.43 -0.828038
v 8.27562 19.398 -0.911462
v 8.27986 19.2951 -0.874304
v 8.43786 19.2314 -0.994278
v 8.52412 19.2723 -0.904509
v 8.27986 19.2951 -0.874304
v 8.52412 19.2723 -0.904509
v 8.35689 19.3316 -0.79245
v 8.35689 19.3316 -0.79245
v 8.52412 19.2723 -0.904509
v 8.60862 19.3152 -0.865288
v 8.35689 19.3316 -0.79245
v 8.60862 19.3152 -0.865288
v 8.45507 19.3506 -0.785396
v 8.43786 19.2314 -0.994278
v 8.6547 19.1723 -1.16746
v 8.74783 19.2149 -1.07455
v 8.43786 19.2314 -0.994278
v 8.74783 19.2149 -1.07455
v 8.52412 19.2723 -0.904509
v 8.52412 19.2723 -0.904509
v 8.74783 19.2149 -1.07455
v 8.82649 19.2645 -1.01948
v 8.52412 19.2723 -0.904509
v 8.82649 19.2645 -1.01948
v 8.60862 19.3152 -0.865288
v 8.6547 19.1723 -1.16746
v 8.87805 19.1194 -1.34466
v 8.96153 19.1603 -1.25472
v 8.6547 19.1723 -1.16746
v 8.96153 19.1603 -1.25472
v 8.74783 19.2149 -1.07455
v 8.74783 19.2149 -1.07455
v 8.96153 19.1603 -1.25472
v 9.02123 19.2103 -1.19362
v 8.74783 19.2149 -1.07455
v 9.02123 19.2103 -1.19362
v 8.82649 19.2645 -1.01948
v 8.87805 19.1194 -1.34466
v 9.0454 19.1002 -1.48376
v 9.11015 19.1385 -1.39581
v 8.87805 19.1194 -1.34466
v 9.11015 19.1385 -1.39581
v 8.96153 19.1603 -1.25472
v 8.82649 19.2645 -1.01948
v 9.02123 19.2103 -1.19362
v 9.04378 19.2685 -1.19041
v 8.82649 19.2645 -1.01948
v 9.04378 19.2685 -1.19041
v 8.85334 19.3253 -1.01629
v 8.85334 19.3253 -1.01629
v 9.04378 19.2685 -1.19041
v 9.01707 19.3088 -1.22922
v 8.85334 19.3253 -1.01629
v 9.01707 19.3088 -1.22922
v 8.82221 19.3673 -1.05667
v 9.03257 19.0349 -1.57261
v 9.06607 19.0229 -1.66931
v 9.10902 19.0488 -1.66697
v 9.03257 19.0349 -1.57261
v 9.10902 19.0488 -1.66697
v 9.09416 19.0684 -1.53191
v 8.91398 19.051 -1.70514
v 8.9883 19.0348 -1.78558
v 9.06607 19.0229 -1.66931
v 8.91398 19.051 -1.70514
v 9.06607 19.0229 -1.66931
v 9.03257 19.0349 -1.57261
v 9.06607 19.0229 -1.66931
v 8.9883 19.0348 -1.78558
v 9.03397 19.069 -1.81429
v 9.06607 19.0229 -1.66931
v 9.03397 19.069 -1.81429
v 9.10902 19.0488 -1.66697
v 9.10902 19.0488 -1.66697
v 9.03397 19.069 -1.81429
v 9.03089 19.1301 -1.79425
v 9.10902 19.0488 -1.66697
v 9.03089 19.1301 -1.79425
v 9.09944 19.0976 -1.67608
v 9.09416 19.0684 -1.53191
v 9.10902 19.0488 -1.66697
v 9.09944 19.0976 -1.67608
v 9.09416 19.0684 -1.53191
v 9.09944 19.0976 -1.67608
v 9.07515 19.1302 -1.58125
v 8.9883 19.0348 -1.78558
v 8.86057 19.0746 -1.94998
v 8.91032 19.1099 -1.97484
v 8.9883 19.0348 -1.78558
v 8.91032 19.1099 -1.97484
v 9.03397 19.069 -1.81429
v 9.03397 19.069 -1.81429
v 8.91032 19.1099 -1.97484
v 8.90507 19.1742 -1.95907
v 9.03397 19.069 -1.81429
v 8.90507 19.1742 -1.95907
v 9.03089 19.1301 -1.79425
v 8.97527 19.1882 -1.7176
v 9.07515 19.1302 -1.58125
v 9.09944 19.0976 -1.67608
v 8.97527 19.1882 -1.7176
v 9.09944 19.0976 -1.67608
v 9.03089 19.1301 -1.79425
v 8.83557 19.238 -1.90019
v 8.97527 19.1882 -1.7176
v 9.03089 19.1301 -1.79425
v 8.83557 19.238 -1.90019
v 9.03089 19.1301 -1.79425
v 8.90507 19.1742 -1.95907
v 8.86996 19.2505 -1.60639
v 8.98136 19.1866 -1.46499
v 9.07515 19.1302 -1.58125
v 8.86996 19.2505 -1.60639
v 9.07515 19.1302 -1.58125
v 8.97527 19.1882 -1.7176
v 8.72235 19.3032 -1.79943
v 8.86996 19.2505 -1.60639
v 8.97527 19.1882 -1.7176
v 8.72235 19.3032 -1.79943
v 8.97527 19.1882 -1.7176
v 8.83557 19.238 -1.90019
v 8.71085 19.2739 -2.07906
v 8.83557 19.238 -1.90019
v 8.90507 19.1742 -1.95907
v 8.71085 19.2739 -2.07906
v 8.90507 19.1742 -1.95907
v 8.78741 19.21 -2.11637
v 8.59588 19.3379 -1.99865
v 8.72235 19.3032 -1.79943
v 8.83557 19.238 -1.90019
v 8.59588 19.3379 -1.99865
v 8.83557 19.238 -1.90019
v 8.71085 19.2739 -2.07906
v 8.50471 19.3386 -2.14723
v 8.59588 19.3379 -1.99865
v 8.71085 19.2739 -2.07906
v 8.50471 19.3386 -2.14723
v 8.71085 19.2739 -2.07906
v 8.61941 19.278 -2.20507
v 8.61941 19.278 -2.20507
v 8.71085 19.2739 -2.07906
v 8.78741 19.21 -2.11637
v 8.61941 19.278 -2.20507
v 8.78741 19.21 -2.11637
v 8.70214 19.2276 -2.20608
v 8.68785 19.1869 -2.22584
v 8.57225 19.2376 -2.24598
v 8.61941 19.278 -2.20507
v 8.68785 19.1869 -2.22584
v 8.61941 19.278 -2.20507
v 8.70214 19.2276 -2.20608
v 8.57225 19.2376 -2.24598
v 8.4546 19.2962 -2.19605
v 8.50471 19.3386 -2.14723
v 8.57225 19.2376 -2.24598
v 8.50471 19.3386 -2.14723
v 8.61941 19.278 -2.20507
v 8.57678 19.1826 -2.19632
v 8.46018 19.239 -2.1381
v 8.4546 19.2962 -2.19605
v 8.57678 19.1826 -2.19632
v 8.4546 19.2962 -2.19605
v 8.57225 19.2376 -2.24598
v 8.66875 19.1529 -2.19923
v 8.57678 19.1826 -2.19632
v 8.57225 19.2376 -2.24598
v 8.66875 19.1529 -2.19923
v 8.57225 19.2376 -2.24598
v 8.68785 19.1869 -2.22584
v 8.74481 19.1147 -2.10764
v 8.66875 19.1529 -2.19923
v 8.68785 19.1869 -2.22584
v 8.74481 19.1147 -2.10764
v 8.68785 19.1869 -2.22584
v 8.79455 19.1479 -2.12701
v 8.79455 19.1479 -2.12701
v 8.68785 19.1869 -2.22584
v 8.70214 19.2276 -2.20608
v 8.79455 19.1479 -2.12701
v 8.70214 19.2276 -2.20608
v 8.78741 19.21 -2.11637
v 8.86057 19.0746 -1.94998
v 8.74481 19.1147 -2.10764
v 8.79455 19.1479 -2.12701
v 8.86057 19.0746 -1.94998
v 8.79455 19.1479 -2.12701
v 8.91032 19.1099 -1.97484
v 8.91032 19.1099 -1.97484
v 8.79455 19.1479 -2.12701
v 8.78741 19.21 -2.11637
v 8.91032 19.1099 -1.97484
v 8.78741 19.21 -2.11637
v 8.90507 19.1742 -1.95907
v 8.64953 19.1367 -2.06651
v 8.74481 19.1147 -2.10764
v 8.86057 19.0746 -1.94998
v 8.64953 19.1367 -2.06651
v 8.86057 19.0746 -1.94998
v 8.77159 19.0948 -1.88714
v 8.57678 19.1826 -2.19632
v 8.66875 19.1529 -2.19923
v 8.74481 19.1147 -2.10764
v 8.57678 19.1826 -2.19632
v 8.74481 19.1147 -2.10764
v 8.64953 19.1367 -2.06651
v 8.46018 19.239 -2.1381
v 8.57678 19.1826 -2.19632
v 8.64953 19.1367 -2.06651
v 8.46018 19.239 -2.1381
v 8.64953 19.1367 -2.06651
v 8.53188 19.1947 -1.98557
v 8.53188 19.1947 -1.98557
v 8.64953 19.1367 -2.06651
v 8.77159 19.0948 -1.88714
v 8.53188 19.1947 -1.98557
v 8.77159 19.0948 -1.88714
v 8.65558 19.1538 -1.78584
v 8.36419 19.2958 -2.03146
v 8.46018 19.239 -2.1381
v 8.53188 19.1947 -1.98557
v 8.36419 19.2958 -2.03146
v 8.53188 19.1947 -1.98557
v 8.42025 19.261 -1.86476
v 8.42025 19.261 -1.86476
v 8.53188 19.1947 -1.98557
v 8.65558 19.1538 -1.78584
v 8.42025 19.261 -1.86476
v 8.65558 19.1538 -1.78584
v 8.53051 19.2272 -1.65532
v 8.32279 19.338 -1.92096
v 8.36419 19.2958 -2.03146
v 8.42025 19.261 -1.86476
v 8.32279 19.338 -1.92096
v 8.42025 19.261 -1.86476
v 8.34965 19.329 -1.7584
v 8.34965 19.329 -1.7584
v 8.42025 19.261 -1.86476
v 8.53051 19.2272 -1.65532
v 8.34965 19.329 -1.7584
v 8.53051 19.2272 -1.65532
v 8.44122 19.3048 -1.5468
v 8.32279 19.338 -1.92096
v 8.34965 19.329 -1.7584
v 8.34191 19.3933 -1.72768
v 8.32279 19.338 -1.92096
v 8.34191 19.3933 -1.72768
v 8.32042 19.3828 -1.93711
v 8.34965 19.329 -1.7584
v 8.44122 19.3048 -1.5468
v 8.42804 19.3746 -1.51114
v 8.34965 19.329 -1.7584
v 8.42804 19.3746 -1.51114
v 8.34191 19.3933 -1.72768
v 8.34191 19.3933 -1.72768
v 8.42804 19.3746 -1.51114
v 8.48574 19.4044 -1.55581
v 8.34191 19.3933 -1.72768
v 8.48574 19.4044 -1.55581
v 8.39227 19.4243 -1.76706
v 8.32042 19.3828 -1.93711
v 8.34191 19.3933 -1.72768
v 8.39227 19.4243 -1.76706
v 8.32042 19.3828 -1.93711
v 8.39227 19.4243 -1.76706
v 8.35619 19.4127 -1.92777
v 8.36419 19.2958 -2.03146
v 8.32279 19.338 -1.92096
v 8.32042 19.3828 -1.93711
v 8.36419 19.2958 -2.03146
v 8.32042 19.3828 -1.93711
v 8.36226 19.3486 -2.09239
v 8.36226 19.3486 -2.09239
v 8.32042 19.3828 -1.93711
v 8.35619 19.4127 -1.92777
v 8.36226 19.3486 -2.09239
v 8.35619 19.4127 -1.92777
v 8.40682 19.3912 -2.04017
v 8.46018 19.239 -2.1381
v 8.36419 19.2958 -2.03146
v 8.36226 19.3486 -2.09239
v 8.46018 19.239 -2.1381
v 8.36226 19.3486 -2.09239
v 8.4546 19.2962 -2.19605
v 8.4546 19.2962 -2.19605
v 8.36226 19.3486 -2.09239
v 8.40682 19.3912 -2.04017
v 8.4546 19.2962 -2.19605
v 8.40682 19.3912 -2.04017
v 8.50471 19.3386 -2.14723
v 8.40682 19.3912 -2.04017
v 8.48158 19.3982 -1.87726
v 8.59588 19.3379 -1.99865
v 8.40682 19.3912 -2.04017
v 8.59588 19.3379 -1.99865
v 8.50471 19.3386 -2.14723
v 8.35619 19.4127 -1.92777
v 8.39227 19.4243 -1.76706
v 8.48158 19.3982 -1.87726
v 8.35619 19.4127 -1.92777
v 8.48158 19.3982 -1.87726
v 8.40682 19.3912 -2.04017
v 8.39227 19.4243 -1.76706
v 8.48574 19.4044 -1.55581
v 8.5945 19.3704 -1.6683
v 8.39227 19.4243 -1.76706
v 8.5945 19.3704 -1.6683
v 8.48158 19.3982 -1.87726
v 8.48158 19.3982 -1.87726
v 8.5945 19.3704 -1.6683
v 8.72235 19.3032 -1.79943
v 8.48158 19.3982 -1.87726
v 8.72235 19.3032 -1.79943
v 8.59588 19.3379 -1.99865
v 8.5945 19.3704 -1.6683
v 8.73786 19.3184 -1.48897
v 8.86996 19.2505 -1.60639
v 8.5945 19.3704 -1.6683
v 8.86996 19.2505 -1.60639
v 8.72235 19.3032 -1.79943
v 8.48574 19.4044 -1.55581
v 8.62221 19.3542 -1.40009
v 8.73786 19.3184 -1.48897
v 8.48574 19.4044 -1.55581
v 8.73786 19.3184 -1.48897
v 8.5945 19.3704 -1.6683
v 8.62221 19.3542 -1.40009
v 8.73408 19.2969 -1.33315
v 8.84911 19.2532 -1.37155
v 8.62221 19.3542 -1.40009
v 8.84911 19.2532 -1.37155
v 8.73786 19.3184 -1.48897
v 8.73786 19.3184 -1.48897
v 8.84911 19.2532 -1.37155
v 8.98136 19.1866 -1.46499
v 8.73786 19.3184 -1.48897
v 8.98136 19.1866 -1.46499
v 8.86996 19.2505 -1.60639
v 8.71935 19.2611 -1.30398
v 8.86867 19.1907 -1.32645
v 8.84911 19.2532 -1.37155
v 8.71935 19.2611 -1.30398
v 8.84911 19.2532 -1.37155
v 8.73408 19.2969 -1.33315
v 8.86867 19.1907 -1.32645
v 9.00277 19.1215 -1.4115
v 8.98136 19.1866 -1.46499
v 8.86867 19.1907 -1.32645
v 8.98136 19.1866 -1.46499
v 8.84911 19.2532 -1.37155
v 8.80652 19.1579 -1.36296
v 8.93688 19.087 -1.45599
v 9.00277 19.1215 -1.4115
v 8.80652 19.1579 -1.36296
v 9.00277 19.1215 -1.4115
v 8.86867 19.1907 -1.32645
v 8.70071 19.2222 -1.32642
v 8.80652 19.1579 -1.36296
v 8.86867 19.1907 -1.32645
v 8.70071 19.2222 -1.32642
v 8.86867 19.1907 -1.32645
v 8.71935 19.2611 -1.30398
v 8.57961 19.2589 -1.39149
v 8.70071 19.2222 -1.32642
v 8.71935 19.2611 -1.30398
v 8.57961 19.2589 -1.39149
v 8.71935 19.2611 -1.30398
v 8.56568 19.3258 -1.36301
v 8.56568 19.3258 -1.36301
v 8.71935 19.2611 -1.30398
v 8.73408 19.2969 -1.33315
v 8.56568 19.3258 -1.36301
v 8.73408 19.2969 -1.33315
v 8.62221 19.3542 -1.40009
v 8.44122 19.3048 -1.5468
v 8.57961 19.2589 -1.39149
v 8.56568 19.3258 -1.36301
v 8.44122 19.3048 -1.5468
v 8.56568 19.3258 -1.36301
v 8.42804 19.3746 -1.51114
v 8.42804 19.3746 -1.51114
v 8.56568 19.3258 -1.36301
v 8.62221 19.3542 -1.40009
v 8.42804 19.3746 -1.51114
v 8.62221 19.3542 -1.40009
v 8.48574 19.4044 -1.55581
v 8.44122 19.3048 -1.5468
v 8.53051 19.2272 -1.65532
v 8.67657 19.1812 -1.47657
v 8.44122 19.3048 -1.5468
v 8.67657 19.1812 -1.47657
v 8.57961 19.2589 -1.39149
v 8.57961 19.2589 -1.39149
v 8.67657 19.1812 -1.47657
v 8.80652 19.1579 -1.36296
v 8.57961 19.2589 -1.39149
v 8.80652 19.1579 -1.36296
v 8.70071 19.2222 -1.32642
v 8.53051 19.2272 -1.65532
v 8.65558 19.1538 -1.78584
v 8.80599 19.1073 -1.59342
v 8.53051 19.2272 -1.65532
v 8.80599 19.1073 -1.59342
v 8.67657 19.1812 -1.47657
v 8.67657 19.1812 -1.47657
v 8.80599 19.1073 -1.59342
v 8.93688 19.087 -1.45599
v 8.67657 19.1812 -1.47657
v 8.93688 19.087 -1.45599
v 8.80652 19.1579 -1.36296
v 8.65558 19.1538 -1.78584
v 8.77159 19.0948 -1.88714
v 8.91398 19.051 -1.70514
v 8.65558 19.1538 -1.78584
v 8.91398 19.051 -1.70514
v 8.80599 19.1073 -1.59342
v 8.80599 19.1073 -1.59342
v 8.91398 19.051 -1.70514
v 9.03257 19.0349 -1.57261
v 8.80599 19.1073 -1.59342
v 9.03257 19.0349 -1.57261
v 8.93688 19.087 -1.45599
v 8.77159 19.0948 -1.88714
v 8.86057 19.0746 -1.94998
v 8.9883 19.0348 -1.78558
v 8.77159 19.0948 -1.88714
v 8.9883 19.0348 -1.78558
v 8.91398 19.051 -1.70514
v 8.93688 19.087 -1.45599
v 9.03257 19.0349 -1.57261
v 9.09416 19.0684 -1.53191
v 8.93688 19.087 -1.45599
v 9.09416 19.0684 -1.53191
v 9.00277 19.1215 -1.4115
v 9.00277 19.1215 -1.4115
v 9.09416 19.0684 -1.53191
v 9.07515 19.1302 -1.58125
v 9.00277 19.1215 -1.4115
v 9.07515 19.1302 -1.58125
v 8.98136 19.1866 -1.46499
v 8.07121 18.9597 -2.61973
v 8.14385 18.942 -2.6834
v 8.39103 18.9755 -2.52625
v 8.07121 18.9597 -2.61973
v 8.39103 18.9755 -2.52625
v 8.33349 18.9949 -2.45524
v 8.0485 18.9935 -2.52569
v 8.07121 18.9597 -2.61973
v 8.33349 18.9949 -2.45524
v 8.0485 18.9935 -2.52569
v 8.33349 18.9949 -2.45524
v 8.29765 19.025 -2.37436
v 8.14385 18.942 -2.6834
v 8.07121 18.9597 -2.61973
v 7.97863 18.9909 -2.69293
v 8.14385 18.942 -2.6834
v 7.97863 18.9909 -2.69293
v 8.05846 18.9718 -2.75398
v 8.07121 18.9597 -2.61973
v 8.0485 18.9935 -2.52569
v 7.96128 19.025 -2.59114
v 8.07121 18.9597 -2.61973
v 7.96128 19.025 -2.59114
v 7.97863 18.9909 -2.69293
v 7.97863 18.9909 -2.69293
v 7.96128 19.025 -2.59114
v 8.04639 19.0932 -2.55783
v 7.97863 18.9909 -2.69293
v 8.04639 19.0932 -2.55783
v 8.06897 19.0638 -2.6533
v 8.05846 18.9718 -2.75398
v 7.97863 18.9909 -2.69293
v 8.06897 19.0638 -2.6533
v 8.05846 18.9718 -2.75398
v 8.06897 19.0638 -2.6533
v 8.14169 19.0417 -2.71554
v 8.0485 18.9935 -2.52569
v 8.08705 19.0343 -2.4425
v 8.04689 19.0694 -2.46467
v 8.0485 18.9935 -2.52569
v 8.04689 19.0694 -2.46467
v 7.96128 19.025 -2.59114
v 7.96128 19.025 -2.59114
v 8.04689 19.0694 -2.46467
v 8.08541 19.1124 -2.4677
v 7.96128 19.025 -2.59114
v 8.08541 19.1124 -2.4677
v 8.04639 19.0932 -2.55783
v 8.04639 19.0932 -2.55783
v 8.2947 19.1685 -2.42066
v 8.33037 19.1446 -2.50356
v 8.04639 19.0932 -2.55783
v 8.33037 19.1446 -2.50356
v 8.06897 19.0638 -2.6533
v 8.08541 19.1124 -2.4677
v 8.28156 19.1683 -2.34847
v 8.2947 19.1685 -2.42066
v 8.08541 19.1124 -2.4677
v 8.2947 19.1685 -2.42066
v 8.04639 19.0932 -2.55783
v 8.28156 19.1683 -2.34847
v 8.62369 19.2351 -2.17718
v 8.65709 19.2414 -2.23538
v 8.28156 19.1683 -2.34847
v 8.65709 19.2414 -2.23538
v 8.2947 19.1685 -2.42066
v 8.2947 19.1685 -2.42066
v 8.65709 19.2414 -2.23538
v 8.69975 19.2215 -2.30737
v 8.2947 19.1685 -2.42066
v 8.69975 19.2215 -2.30737
v 8.33037 19.1446 -2.50356
v 8.06897 19.0638 -2.6533
v 8.33037 19.1446 -2.50356
v 8.388 19.119 -2.57254
v 8.06897 19.0638 -2.6533
v 8.388 19.119 -2.57254
v 8.14169 19.0417 -2.71554
v 8.33037 19.1446 -2.50356
v 8.69975 19.2215 -2.30737
v 8.73765 19.1939 -2.38067
v 8.33037 19.1446 -2.50356
v 8.73765 19.1939 -2.38067
v 8.388 19.119 -2.57254
v 8.388 19.119 -2.57254
v 8.73765 19.1939 -2.38067
v 8.7638 19.1526 -2.42985
v 8.388 19.119 -2.57254
v 8.7638 19.1526 -2.42985
v 8.44181 19.0834 -2.60896
v 8.14169 19.0417 -2.71554
v 8.388 19.119 -2.57254
v 8.44181 19.0834 -2.60896
v 8.14169 19.0417 -2.71554
v 8.44181 19.0834 -2.60896
v 8.23721 19.0312 -2.71667
v 8.21039 18.9814 -2.73433
v 8.05846 18.9718 -2.75398
v 8.14169 19.0417 -2.71554
v 8.21039 18.9814 -2.73433
v 8.14169 19.0417 -2.71554
v 8.23721 19.0312 -2.71667
v 8.45671 19.0277 -2.61126
v 8.21039 18.9814 -2.73433
v 8.23721 19.0312 -2.71667
v 8.45671 19.0277 -2.61126
v 8.23721 19.0312 -2.71667
v 8.44181 19.0834 -2.60896
v 8.2389 18.9531 -2.69149
v 8.14385 18.942 -2.6834
v 8.05846 18.9718 -2.75398
v 8.2389 18.9531 -2.69149
v 8.05846 18.9718 -2.75398
v 8.21039 18.9814 -2.73433
v 8.44393 18.9838 -2.57679
v 8.2389 18.9531 -2.69149
v 8.21039 18.9814 -2.73433
v 8.44393 18.9838 -2.57679
v 8.21039 18.9814 -2.73433
v 8.45671 19.0277 -2.61126
v 8.76594 19.0484 -2.39618
v 8.44393 18.9838 -2.57679
v 8.45671 19.0277 -2.61126
v 8.76594 19.0484 -2.39618
v 8.45671 19.0277 -2.61126
v 8.77374 19.0939 -2.43311
v 8.77374 19.0939 -2.43311
v 8.45671 19.0277 -2.61126
v 8.44181 19.0834 -2.60896
v 8.77374 19.0939 -2.43311
v 8.44181 19.0834 -2.60896
v 8.7638 19.1526 -2.42985
v 9.09105 19.1109 -2.23672
v 8.76594 19.0484 -2.39618
v 8.77374 19.0939 -2.43311
v 9.09105 19.1109 -2.23672
v 8.77374 19.0939 -2.43311
v 9.08996 19.1538 -2.27348
v 9.08996 19.1538 -2.27348
v 8.77374 19.0939 -2.43311
v 8.7638 19.1526 -2.42985
v 9.08996 19.1538 -2.27348
v 8.7638 19.1526 -2.42985
v 9.08909 19.2106 -2.26899
v 9.29829 19.1593 -2.14021
v 9.09105 19.1109 -2.23672
v 9.08996 19.1538 -2.27348
v 9.29829 19.1593 -2.14021
v 9.08996 19.1538 -2.27348
v 9.33121 19.2009 -2.14745
v 9.33121 19.2009 -2.14745
v 9.08996 19.1538 -2.27348
v 9.08909 19.2106 -2.26899
v 9.33121 19.2009 -2.14745
v 9.08909 19.2106 -2.26899
v 9.29679 19.2375 -2.16552
v 9.37389 19.1753 -2.06163
v 9.29829 19.1593 -2.14021
v 9.33121 19.2009 -2.14745
v 9.37389 19.1753 -2.06163
v 9.33121 19.2009 -2.14745
v 9.46698 19.239 -2.04167
v 9.46698 19.239 -2.04167
v 9.33121 19.2009 -2.14745
v 9.29679 19.2375 -2.16552
v 9.46698 19.239 -2.04167
v 9.29679 19.2375 -2.16552
v 9.37199 19.2749 -2.09395
v 9.39765 19.2022 -1.97543
v 9.37389 19.1753 -2.06163
v 9.46698 19.239 -2.04167
v 9.39765 19.2022 -1.97543
v 9.46698 19.239 -2.04167
v 9.50414 19.2699 -1.952
v 9.50414 19.2699 -1.952
v 9.46698 19.239 -2.04167
v 9.37199 19.2749 -2.09395
v 9.50414 19.2699 -1.952
v 9.37199 19.2749 -2.09395
v 9.39571 19.3064 -2.00922
v 9.34344 19.2236 -1.91619
v 9.39765 19.2022 -1.97543
v 9.50414 19.2699 -1.952
v 9.34344 19.2236 -1.91619
v 9.50414 19.2699 -1.952
v 9.44497 19.2886 -1.89303
v 9.44497 19.2886 -1.89303
v 9.50414 19.2699 -1.952
v 9.39571 19.3064 -2.00922
v 9.44497 19.2886 -1.89303
v 9.39571 19.3064 -2.00922
v 9.34159 19.3233 -1.94852
v 9.24009 19.236 -1.90898
v 9.34344 19.2236 -1.91619
v 9.44497 19.2886 -1.89303
v 9.24009 19.236 -1.90898
v 9.44497 19.2886 -1.89303
v 9.27536 19.2836 -1.89821
v 9.27536 19.2836 -1.89821
v 9.44497 19.2886 -1.89303
v 9.34159 19.3233 -1.94852
v 9.27536 19.2836 -1.89821
v 9.34159 19.3233 -1.94852
v 9.23864 19.3141 -1.9343
v 8.98144 19.2476 -1.98888
v 9.27536 19.2836 -1.89821
v 9.23864 19.3141 -1.9343
v 8.98144 19.2476 -1.98888
v 9.23864 19.3141 -1.9343
v 8.99382 19.2923 -2.02086
v 8.99571 19.1927 -1.98858
v 9.24009 19.236 -1.90898
v 9.27536 19.2836 -1.89821
v 8.99571 19.1927 -1.98858
v 9.27536 19.2836 -1.89821
v 8.98144 19.2476 -1.98888
v 8.62574 19.131 -2.14351
v 8.99571 19.1927 -1.98858
v 8.98144 19.2476 -1.98888
v 8.62574 19.131 -2.14351
v 8.98144 19.2476 -1.98888
v 8.61257 19.1888 -2.14253
v 8.61257 19.1888 -2.14253
v 8.98144 19.2476 -1.98888
v 8.99382 19.2923 -2.02086
v 8.61257 19.1888 -2.14253
v 8.99382 19.2923 -2.02086
v 8.62369 19.2351 -2.17718
v 8.28359 19.0687 -2.31629
v 8.62574 19.131 -2.14351
v 8.61257 19.1888 -2.14253
v 8.28359 19.0687 -2.31629
v 8.61257 19.1888 -2.14253
v 8.27286 19.1251 -2.31232
v 8.27286 19.1251 -2.31232
v 8.61257 19.1888 -2.14253
v 8.62369 19.2351 -2.17718
v 8.27286 19.1251 -2.31232
v 8.62369 19.2351 -2.17718
v 8.28156 19.1683 -2.34847
v 8.08705 19.0343 -2.4425
v 8.28359 19.0687 -2.31629
v 8.27286 19.1251 -2.31232
v 8.08705 19.0343 -2.4425
v 8.27286 19.1251 -2.31232
v 8.04689 19.0694 -2.46467
v 8.04689 19.0694 -2.46467
v 8.27286 19.1251 -2.31232
v 8.28156 19.1683 -2.34847
v 8.04689 19.0694 -2.46467
v 8.28156 19.1683 -2.34847
v 8.08541 19.1124 -2.4677
v 8.08705 19.0343 -2.4425
v 8.0485 18.9935 -2.52569
v 8.29765 19.025 -2.37436
v 8.08705 19.0343 -2.4425
v 8.29765 19.025 -2.37436
v 8.28359 19.0687 -2.31629
v 8.28359 19.0687 -2.31629
v 8.29765 19.025 -2.37436
v 8.66006 19.0917 -2.18698
v 8.28359 19.0687 -2.31629
v 8.66006 19.0917 -2.18698
v 8.62574 19.131 -2.14351
v 8.29765 19.025 -2.37436
v 8.33349 18.9949 -2.45524
v 8.70288 19.0653 -2.25686
v 8.29765 19.025 -2.37436
v 8.70288 19.0653 -2.25686
v 8.66006 19.0917 -2.18698
v 8.66006 19.0917 -2.18698
v 8.70288 19.0653 -2.25686
v 9.09622 19.1344 -2.08485
v 8.66006 19.0917 -2.18698
v 9.09622 19.1344 -2.08485
v 9.04975 19.1586 -2.02073
v 8.62574 19.131 -2.14351
v 8.66006 19.0917 -2.18698
v 9.04975 19.1586 -2.02073
v 8.62574 19.131 -2.14351
v 9.04975 19.1586 -2.02073
v 8.99571 19.1927 -1.98858
v 9.04975 19.1586 -2.02073
v 9.09622 19.1344 -2.08485
v 9.39765 19.2022 -1.97543
v 9.04975 19.1586 -2.02073
v 9.39765 19.2022 -1.97543
v 9.34344 19.2236 -1.91619
v 8.99571 19.1927 -1.98858
v 9.04975 19.1586 -2.02073
v 9.34344 19.2236 -1.91619
v 8.99571 19.1927 -1.98858
v 9.34344 19.2236 -1.91619
v 9.24009 19.236 -1.90898
v 9.09622 19.1344 -2.08485
v 9.1043 19.111 -2.16525
v 9.37389 19.1753 -2.06163
v 9.09622 19.1344 -2.08485
v 9.37389 19.1753 -2.06163
v 9.39765 19.2022 -1.97543
v 8.70288 19.0653 -2.25686
v 8.74069 19.0442 -2.33227
v 9.1043 19.111 -2.16525
v 8.70288 19.0653 -2.25686
v 9.1043 19.111 -2.16525
v 9.09622 19.1344 -2.08485
v 8.74069 19.0442 -2.33227
v 8.76594 19.0484 -2.39618
v 9.09105 19.1109 -2.23672
v 8.74069 19.0442 -2.33227
v 9.09105 19.1109 -2.23672
v 9.1043 19.111 -2.16525
v 9.1043 19.111 -2.16525
v 9.09105 19.1109 -2.23672
v 9.29829 19.1593 -2.14021
v 9.1043 19.111 -2.16525
v 9.29829 19.1593 -2.14021
v 9.37389 19.1753 -2.06163
v 8.39103 18.9755 -2.52625
v 8.44393 18.9838 -2.57679
v 8.76594 19.0484 -2.39618
v 8.39103 18.9755 -2.52625
v 8.76594 19.0484 -2.39618
v 8.74069 19.0442 -2.33227
v 8.33349 18.9949 -2.45524
v 8.39103 18.9755 -2.52625
v 8.74069 19.0442 -2.33227
v 8.33349 18.9949 -2.45524
v 8.74069 19.0442 -2.33227
v 8.70288 19.0653 -2.25686
v 8.14385 18.942 -2.6834
v 8.2389 18.9531 -2.69149
v 8.44393 18.9838 -2.57679
v 8.14385 18.942 -2.6834
v 8.44393 18.9838 -2.57679
v 8.39103 18.9755 -2.52625
v 8.62369 19.2351 -2.17718
v 8.99382 19.2923 -2.02086
v 9.04702 19.302 -2.06718
v 8.62369 19.2351 -2.17718
v 9.04702 19.302 -2.06718
v 8.65709 19.2414 -2.23538
v 8.99382 19.2923 -2.02086
v 9.23864 19.3141 -1.9343
v 9.34159 19.3233 -1.94852
v 8.99382 19.2923 -2.02086
v 9.34159 19.3233 -1.94852
v 9.04702 19.302 -2.06718
v 9.04702 19.302 -2.06718
v 9.34159 19.3233 -1.94852
v 9.39571 19.3064 -2.00922
v 9.04702 19.302 -2.06718
v 9.39571 19.3064 -2.00922
v 9.09334 19.2841 -2.13334
v 8.65709 19.2414 -2.23538
v 9.04702 19.302 -2.06718
v 9.09334 19.2841 -2.13334
v 8.65709 19.2414 -2.23538
v 9.09334 19.2841 -2.13334
v 8.69975 19.2215 -2.30737
v 9.09334 19.2841 -2.13334
v 9.39571 19.3064 -2.00922
v 9.37199 19.2749 -2.09395
v 9.09334 19.2841 -2.13334
v 9.37199 19.2749 -2.09395
v 9.1015 19.2544 -2.2117
v 8.69975 19.2215 -2.30737
v 9.09334 19.2841 -2.13334
v 9.1015 19.2544 -2.2117
v 8.69975 19.2215 -2.30737
v 9.1015 19.2544 -2.2117
v 8.73765 19.1939 -2.38067
v 9.1015 19.2544 -2.2117
v 9.37199 19.2749 -2.09395
v 9.29679 19.2375 -2.16552
v 9.1015 19.2544 -2.2117
v 9.29679 19.2375 -2.16552
v 9.08909 19.2106 -2.26899
v 8.73765 19.1939 -2.38067
v 9.1015 19.2544 -2.2117
v 9.08909 19.2106 -2.26899
v 8.73765 19.1939 -2.38067
v 9.08909 19.2106 -2.26899
v 8.7638 19.1526 -2.42985
v 8.28026 18.753 -3.40508
v 8.33858 18.7809 -3.44587
v 8.45852 18.8236 -3.26185
v 8.28026 18.753 -3.40508
v 8.45852 18.8236 -3.26185
v 8.40213 18.7963 -3.2088
v 8.23341 18.7381 -3.32622
v 8.28026 18.753 -3.40508
v 8.40213 18.7963 -3.2088
v 8.23341 18.7381 -3.32622
v 8.40213 18.7963 -3.2088
v 8.34797 18.7781 -3.1443
v 8.33858 18.7809 -3.44587
v 8.28026 18.753 -3.40508
v 8.21722 18.7793 -3.47817
v 8.33858 18.7809 -3.44587
v 8.21722 18.7793 -3.47817
v 8.27805 18.8061 -3.51451
v 8.28026 18.753 -3.40508
v 8.23341 18.7381 -3.32622
v 8.17352 18.7637 -3.39179
v 8.28026 18.753 -3.40508
v 8.17352 18.7637 -3.39179
v 8.21722 18.7793 -3.47817
v 8.21722 18.7793 -3.47817
v 8.17352 18.7637 -3.39179
v 8.18908 18.8329 -3.33217
v 8.21722 18.7793 -3.47817
v 8.18908 18.8329 -3.33217
v 8.23395 18.8521 -3.41128
v 8.27805 18.8061 -3.51451
v 8.21722 18.7793 -3.47817
v 8.23395 18.8521 -3.41128
v 8.27805 18.8061 -3.51451
v 8.23395 18.8521 -3.41128
v 8.29425 18.8757 -3.45181
v 8.23341 18.7381 -3.32622
v 8.22069 18.7497 -3.2422
v 8.18117 18.7752 -3.26152
v 8.23341 18.7381 -3.32622
v 8.18117 18.7752 -3.26152
v 8.17352 18.7637 -3.39179
v 8.17352 18.7637 -3.39179
v 8.18117 18.7752 -3.26152
v 8.18597 18.824 -3.24687
v 8.17352 18.7637 -3.39179
v 8.18597 18.824 -3.24687
v 8.18908 18.8329 -3.33217
v 8.18908 18.8329 -3.33217
v 8.28423 18.9145 -3.15291
v 8.3356 18.9387 -3.21777
v 8.18908 18.8329 -3.33217
v 8.3356 18.9387 -3.21777
v 8.23395 18.8521 -3.41128
v 8.18597 18.824 -3.24687
v 8.25925 18.8804 -3.09854
v 8.28423 18.9145 -3.15291
v 8.18597 18.824 -3.24687
v 8.28423 18.9145 -3.15291
v 8.18908 18.8329 -3.33217
v 8.25925 18.8804 -3.09854
v 8.39727 18.9619 -2.88345
v 8.4267 19.0002 -2.91989
v 8.25925 18.8804 -3.09854
v 8.4267 19.0002 -2.91989
v 8.28423 18.9145 -3.15291
v 8.28423 18.9145 -3.15291
v 8.4267 19.0002 -2.91989
v 8.47866 19.0254 -2.97339
v 8.28423 18.9145 -3.15291
v 8.47866 19.0254 -2.97339
v 8.3356 18.9387 -3.21777
v 8.23395 18.8521 -3.41128
v 8.3356 18.9387 -3.21777
v 8.39477 18.96 -3.27044
v 8.23395 18.8521 -3.41128
v 8.39477 18.96 -3.27044
v 8.29425 18.8757 -3.45181
v 8.3356 18.9387 -3.21777
v 8.47866 19.0254 -2.97339
v 8.53334 19.0438 -3.03581
v 8.3356 18.9387 -3.21777
v 8.53334 19.0438 -3.03581
v 8.39477 18.96 -3.27044
v 8.39477 18.96 -3.27044
v 8.53334 19.0438 -3.03581
v 8.58273 19.0377 -3.08506
v 8.39477 18.96 -3.27044
v 8.58273 19.0377 -3.08506
v 8.4496 18.9587 -3.30027
v 8.29425 18.8757 -3.45181
v 8.39477 18.96 -3.27044
v 8.4496 18.9587 -3.30027
v 8.29425 18.8757 -3.45181
v 8.4496 18.9587 -3.30027
v 8.35639 18.8936 -3.4366
v 8.36265 18.8493 -3.46639
v 8.27805 18.8061 -3.51451
v 8.29425 18.8757 -3.45181
v 8.36265 18.8493 -3.46639
v 8.29425 18.8757 -3.45181
v 8.35639 18.8936 -3.4366
v 8.48497 18.9167 -3.31202
v 8.36265 18.8493 -3.46639
v 8.35639 18.8936 -3.4366
v 8.48497 18.9167 -3.31202
v 8.35639 18.8936 -3.4366
v 8.4496 18.9587 -3.30027
v 8.49391 18.8639 -3.29431
v 8.39112 18.8193 -3.43195
v 8.36265 18.8493 -3.46639
v 8.49391 18.8639 -3.29431
v 8.36265 18.8493 -3.46639
v 8.48497 18.9167 -3.31202
v 8.39112 18.8193 -3.43195
v 8.33858 18.7809 -3.44587
v 8.27805 18.8061 -3.51451
v 8.39112 18.8193 -3.43195
v 8.27805 18.8061 -3.51451
v 8.36265 18.8493 -3.46639
v 8.62898 18.9387 -3.07878
v 8.49391 18.8639 -3.29431
v 8.48497 18.9167 -3.31202
v 8.62898 18.9387 -3.07878
v 8.48497 18.9167 -3.31202
v 8.6197 18.9937 -3.10015
v 8.6197 18.9937 -3.10015
v 8.48497 18.9167 -3.31202
v 8.4496 18.9587 -3.30027
v 8.6197 18.9937 -3.10015
v 8.4496 18.9587 -3.30027
v 8.58273 19.0377 -3.08506
v 8.73403 19.003 -2.88585
v 8.62898 18.9387 -3.07878
v 8.6197 18.9937 -3.10015
v 8.73403 19.003 -2.88585
v 8.6197 18.9937 -3.10015
v 8.72194 19.054 -2.90892
v 8.72194 19.054 -2.90892
v 8.6197 18.9937 -3.10015
v 8.58273 19.0377 -3.08506
v 8.72194 19.054 -2.90892
v 8.58273 19.0377 -3.08506
v 8.68978 19.0978 -2.89189
v 8.78209 19.0458 -2.76697
v 8.73403 19.003 -2.88585
v 8.72194 19.054 -2.90892
v 8.78209 19.0458 -2.76697
v 8.72194 19.054 -2.90892
v 8.77776 19.0897 -2.76041
v 8.77776 19.0897 -2.76041
v 8.72194 19.054 -2.90892
v 8.68978 19.0978 -2.89189
v 8.77776 19.0897 -2.76041
v 8.68978 19.0978 -2.89189
v 8.74744 19.1201 -2.77172
v 8.7869 19.0405 -2.68662
v 8.78209 19.0458 -2.76697
v 8.77776 19.0897 -2.76041
v 8.7869 19.0405 -2.68662
v 8.77776 19.0897 -2.76041
v 8.79161 19.1034 -2.64492
v 8.79161 19.1034 -2.64492
v 8.77776 19.0897 -2.76041
v 8.74744 19.1201 -2.77172
v 8.79161 19.1034 -2.64492
v 8.74744 19.1201 -2.77172
v 8.74268 19.1353 -2.69269
v 8.7643 19.0322 -2.60658
v 8.7869 19.0405 -2.68662
v 8.79161 19.1034 -2.64492
v 8.7643 19.0322 -2.60658
v 8.79161 19.1034 -2.64492
v 8.77394 19.1004 -2.55993
v 8.77394 19.1004 -2.55993
v 8.79161 19.1034 -2.64492
v 8.74268 19.1353 -2.69269
v 8.77394 19.1004 -2.55993
v 8.74268 19.1353 -2.69269
v 8.71811 19.1312 -2.61294
v 8.72165 19.0171 -2.56502
v 8.7643 19.0322 -2.60658
v 8.77394 19.1004 -2.55993
v 8.72165 19.0171 -2.56502
v 8.77394 19.1004 -2.55993
v 8.73334 19.0836 -2.51993
v 8.73334 19.0836 -2.51993
v 8.77394 19.1004 -2.55993
v 8.71811 19.1312 -2.61294
v 8.73334 19.0836 -2.51993
v 8.71811 19.1312 -2.61294
v 8.67744 19.1119 -2.57111
v 8.66927 19.0042 -2.5744
v 8.72165 19.0171 -2.56502
v 8.73334 19.0836 -2.51993
v 8.66927 19.0042 -2.5744
v 8.73334 19.0836 -2.51993
v 8.6625 19.0479 -2.55229
v 8.6625 19.0479 -2.55229
v 8.73334 19.0836 -2.51993
v 8.67744 19.1119 -2.57111
v 8.6625 19.0479 -2.55229
v 8.67744 19.1119 -2.57111
v 8.63463 19.0785 -2.57917
v 8.58362 18.9441 -2.68213
v 8.66927 19.0042 -2.5744
v 8.6625 19.0479 -2.55229
v 8.58362 18.9441 -2.68213
v 8.6625 19.0479 -2.55229
v 8.55017 18.9868 -2.6752
v 8.55017 18.9868 -2.6752
v 8.6625 19.0479 -2.55229
v 8.63463 19.0785 -2.57917
v 8.55017 18.9868 -2.6752
v 8.63463 19.0785 -2.57917
v 8.5394 19.0389 -2.6882
v 8.44351 18.8628 -2.87715
v 8.58362 18.9441 -2.68213
v 8.55017 18.9868 -2.6752
v 8.44351 18.8628 -2.87715
v 8.55017 18.9868 -2.6752
v 8.40642 18.9064 -2.86828
v 8.40642 18.9064 -2.86828
v 8.55017 18.9868 -2.6752
v 8.5394 19.0389 -2.6882
v 8.40642 18.9064 -2.86828
v 8.5394 19.0389 -2.6882
v 8.39727 18.9619 -2.88345
v 8.30354 18.7856 -3.09255
v 8.44351 18.8628 -2.87715
v 8.40642 18.9064 -2.86828
v 8.30354 18.7856 -3.09255
v 8.40642 18.9064 -2.86828
v 8.26689 18.827 -3.08057
v 8.26689 18.827 -3.08057
v 8.40642 18.9064 -2.86828
v 8.39727 18.9619 -2.88345
v 8.26689 18.827 -3.08057
v 8.39727 18.9619 -2.88345
v 8.25925 18.8804 -3.09854
v 8.22069 18.7497 -3.2422
v 8.30354 18.7856 -3.09255
v 8.26689 18.827 -3.08057
v 8.22069 18.7497 -3.2422
v 8.26689 18.827 -3.08057
v 8.18117 18.7752 -3.26152
v 8.18117 18.7752 -3.26152
v 8.26689 18.827 -3.08057
v 8.25925 18.8804 -3.09854
v 8.18117 18.7752 -3.26152
v 8.25925 18.8804 -3.09854
v 8.18597 18.824 -3.24687
v 8.22069 18.7497 -3.2422
v 8.23341 18.7381 -3.32622
v 8.34797 18.7781 -3.1443
v 8.22069 18.7497 -3.2422
v 8.34797 18.7781 -3.1443
v 8.30354 18.7856 -3.09255
v 8.30354 18.7856 -3.09255
v 8.34797 18.7781 -3.1443
v 8.49318 18.8578 -2.91084
v 8.30354 18.7856 -3.09255
v 8.49318 18.8578 -2.91084
v 8.44351 18.8628 -2.87715
v 8.34797 18.7781 -3.1443
v 8.40213 18.7963 -3.2088
v 8.54803 18.8768 -2.96395
v 8.34797 18.7781 -3.1443
v 8.54803 18.8768 -2.96395
v 8.49318 18.8578 -2.91084
v 8.49318 18.8578 -2.91084
v 8.54803 18.8768 -2.96395
v 8.68043 18.9568 -2.74972
v 8.49318 18.8578 -2.91084
v 8.68043 18.9568 -2.74972
v 8.63198 18.9404 -2.70256
v 8.44351 18.8628 -2.87715
v 8.49318 18.8578 -2.91084
v 8.63198 18.9404 -2.70256
v 8.44351 18.8628 -2.87715
v 8.63198 18.9404 -2.70256
v 8.58362 18.9441 -2.68213
v 8.63198 18.9404 -2.70256
v 8.68043 18.9568 -2.74972
v 8.7643 19.0322 -2.60658
v 8.63198 18.9404 -2.70256
v 8.7643 19.0322 -2.60658
v 8.72165 19.0171 -2.56502
v 8.58362 18.9441 -2.68213
v 8.63198 18.9404 -2.70256
v 8.72165 19.0171 -2.56502
v 8.58362 18.9441 -2.68213
v 8.72165 19.0171 -2.56502
v 8.66927 19.0042 -2.5744
v 8.68043 18.9568 -2.74972
v 8.71865 18.9742 -2.82128
v 8.7869 19.0405 -2.68662
v 8.68043 18.9568 -2.74972
v 8.7869 19.0405 -2.68662
v 8.7643 19.0322 -2.60658
v 8.54803 18.8768 -2.96395
v 8.59982 18.9014 -3.02678
v 8.71865 18.9742 -2.82128
v 8.54803 18.8768 -2.96395
v 8.71865 18.9742 -2.82128
v 8.68043 18.9568 -2.74972
v 8.59982 18.9014 -3.02678
v 8.62898 18.9387 -3.07878
v 8.73403 19.003 -2.88585
v 8.59982 18.9014 -3.02678
v 8.73403 19.003 -2.88585
v 8.71865 18.9742 -2.82128
v 8.71865 18.9742 -2.82128
v 8.73403 19.003 -2.88585
v 8.78209 19.0458 -2.76697
v 8.71865 18.9742 -2.82128
v 8.78209 19.0458 -2.76697
v 8.7869 19.0405 -2.68662
v 8.45852 18.8236 -3.26185
v 8.49391 18.8639 -3.29431
v 8.62898 18.9387 -3.07878
v 8.45852 18.8236 -3.26185
v 8.62898 18.9387 -3.07878
v 8.59982 18.9014 -3.02678
v 8.40213 18.7963 -3.2088
v 8.45852 18.8236 -3.26185
v 8.59982 18.9014 -3.02678
v 8.40213 18.7963 -3.2088
v 8.59982 18.9014 -3.02678
v 8.54803 18.8768 -2.96395
v 8.33858 18.7809 -3.44587
v 8.39112 18.8193 -3.43195
v 8.49391 18.8639 -3.29431
v 8.33858 18.7809 -3.44587
v 8.49391 18.8639 -3.29431
v 8.45852 18.8236 -3.26185
v 8.39727 18.9619 -2.88345
v 8.5394 19.0389 -2.6882
v 8.56833 19.0768 -2.71128
v 8.39727 18.9619 -2.88345
v 8.56833 19.0768 -2.71128
v 8.4267 19.0002 -2.91989
v 8.5394 19.0389 -2.6882
v 8.63463 19.0785 -2.57917
v 8.67744 19.1119 -2.57111
v 8.5394 19.0389 -2.6882
v 8.67744 19.1119 -2.57111
v 8.56833 19.0768 -2.71128
v 8.56833 19.0768 -2.71128
v 8.67744 19.1119 -2.57111
v 8.71811 19.1312 -2.61294
v 8.56833 19.0768 -2.71128
v 8.71811 19.1312 -2.61294
v 8.614 19.0992 -2.75882
v 8.4267 19.0002 -2.91989
v 8.56833 19.0768 -2.71128
v 8.614 19.0992 -2.75882
v 8.4267 19.0002 -2.91989
v 8.614 19.0992 -2.75882
v 8.47866 19.0254 -2.97339
v 8.614 19.0992 -2.75882
v 8.71811 19.1312 -2.61294
v 8.74268 19.1353 -2.69269
v 8.614 19.0992 -2.75882
v 8.74268 19.1353 -2.69269
v 8.655 19.1106 -2.82998
v 8.47866 19.0254 -2.97339
v 8.614 19.0992 -2.75882
v 8.655 19.1106 -2.82998
v 8.47866 19.0254 -2.97339
v 8.655 19.1106 -2.82998
v 8.53334 19.0438 -3.03581
v 8.655 19.1106 -2.82998
v 8.74268 19.1353 -2.69269
v 8.74744 19.1201 -2.77172
v 8.655 19.1106 -2.82998
v 8.74744 19.1201 -2.77172
v 8.68978 19.0978 -2.89189
v 8.53334 19.0438 -3.03581
v 8.655 19.1106 -2.82998
v 8.68978 19.0978 -2.89189
v 8.53334 19.0438 -3.03581
v 8.68978 19.0978 -2.89189
v 8.58273 19.0377 -3.08506
f 1 2 3
f 4 5 6
f 7 8 9
f 10 11 12
f 13 14 15
f 16 17 18
f 19 20 21
f 22 23 24
f 25 26 27
f 28 29 30
f 31 32 33
f 34 35 36
f 37 38 39
f 40 41 42
f 43 44 45
f 46 47 48
f 49 50 51
f 52 53 54
f 55 56 57
f 58 59 60
f 61 62 63
f 64 65 66
f 67 68 69
f 70 71 72
f 73 74 75
f 76 77 78
f 79 80 81
f 82 83 84
f 85 86 87
f 88 89 90
f 91 92 93
f 94 95 96
f 97 98 99
f 100 101 102
f 103 104 105
f 106 107 108
f 109 110 111
f 112 113 114
f 115 116 117
f 118 119 120
f 121 122 123
f 124 125 126
f 127 128 129
f 130 131 132
f 133 134 135
f 136 137 138
f 139 140 141
f 142 143 144
f 145 146 147
f 148 149 150
f 151 152 153
f 154 155 156
f 157 158 159
f 160 161 162
f 163 164 165
f 166 167 168
f 169 170 171
f 172 173 174
f 175 176 177
f 178 179 180
f 181 182 183
f 184 185 186
f 187 188 189
f 190 191 192
f 193 194 195
f 196 197 198
f 199 200 201
f 202 203 204
f 205 206 207
f 208 209 210
f 211 212 213
f 214 215 216
f 217 218 219
f 220 221 222
f 223 224 225
f 226 227 228
f 229 230 231
f 232 233 234
f 235 236 237
f 238 239 240
f 241 242 243
f 244 245 246
f 247 248 249
f 250 251 252
f 253 254 255
f 256 257 258
f 259 260 261
f 262 263 264
f 265 266 267
f 268 269 270
f 271 272 273
f 274 275 276
f 277 278 279
f 280 281 282
f 283 284 285
f 286 287 288
f 289 290 291
f 292 293 294
f 295 296 297
f 298 299 300
f 301 302 303
f 304 305 306
f 307 308 309
f 310 311 312
f 313 314 315
f 316 317 318
f 319 320 321
f 322 323 324
f 325 326 327
f 328 329 330
f 331 332 333
f 334 335 336
f 337 338 339
f 340 341 342
f 343 344 345
f 346 347 348
f 349 350 351
f 352 353 354
f 355 356 357
f 358 359 360
f 361 362 363
f 364 365 366
f 367 368 369
f 370 371 372
f 373 374 375
f 376 377 378
f 379 380 381
f 382 383 384
f 385 386 387
f 388 389 390
f 391 392 393
f 394 395 396
f 397 398 399
f 400 401 402
f 403 404 405
f 406 407 408
f 409 410 411
f 412 413 414
f 415 416 417
f 418 419 420
f 421 422 423
f 424 425 426
f 427 428 429
f 430 431 432
f 433 434 435
f 436 437 438
f 439 440 441
f 442 443 444
f 445 446 447
f 448 449 450
f 451 452 453
f 454 455 456
f 457 458 459
f 460 461 462
f 463 464 465
f 466 467 468
f 469 470 471
f 472 473 474
f 475 476 477
f 478 479 480
f 481 482 483
f 484 485 486
f 487 488 489
f 490 491 492
f 493 494 495
f 496 497 498
f 499 500 501
f 502 503 504
f 505 506 507
f 508 509 510
f 511 512 513
f 514 515 516
f 517 518 519
f 520 521 522
f 523 524 525
f 526 527 528
f 529 530 531
f 532 533 534
f 535 536 537
f 538 539 540
f 541 542 543
f 544 545 546
f 547 548 549
f 550 551 552
f 553 554 555
f 556 557 558
f 559 560 561
f 562 563 564
f 565 566 567
f 568 569 570
f 571 572 573
f 574 575 576
f 577 578 579
f 580 581 582
f 583 584 585
f 586 587 588
f 589 590 591
f 592 593 594
f 595 596 597
f 598 599 600
f 601 602 603
f 604 605 606
f 607 608 609
f 610 611 612
f 613 614 615
f 616 617 618
f 619 620 621
f 622 623 624
f 625 626 627
f 628 629 630
f 631 632 633
f 634 635 636
f 637 638 639
f 640 641 642
f 643 644 645
f 646 647 648
f 649 650 651
f 652 653 654
f 655 656 657
f 658 659 660
f 661 662 663
f 664 665 666
f 667 668 669
f 670 671 672
f 673 674 675
f 676 677 678
f 679 680 681
f 682 683 684
f 685 686 687
f 688 689 690
f 691 692 693
f 694 695 696
f 697 698 699
f 700 701 702
f 703 704 705
f 706 707 708
f 709 710 711
f 712 713 714
f 715 716 717
f 718 719 720
f 721 722 723
f 724 725 726
f 727 728 729
f 730 731 732
f 733 734 735
f 736 737 738
f 739 740 741
f 742 743 744
f 745 746 747
f 748 749 750
f 751 752 753
f 754 755 756
f 757 758 759
f 760 761 762
f 763 764 765
f 766 767 768
f 769 770 771
f 772 773 774
f 775 776 777
f 778 779 780
f 781 782 783
f 784 785 786
f 787 788 789
f 790 791 792
f 793 794 795
f 796 797 798
f 799 800 801
f 802 803 804
f 805 806 807
f 808 809 810
f 811 812 813
f 814 815 816
f 817 818 819
f 820 821 822
f 823 824 825
f 826 827 828
f 829 830 831
f 832 833 834
f 835 836 837
f 838 839 840
f 841 842 843
f 844 845 846
f 847 848 849
f 850 851 852
f 853 854 855
f 856 857 858
f 859 860 861
f 862 863 864
f 865 866 867
f 868 869 870
f 871 872 873
f 874 875 876
f 877 878 879
f 880 881 882
f 883 884 885
f 886 887 888
f 889 890 891
f 892 893 894
f 895 896 897
f 898 899 900
f 901 902 903
f 904 905 906
f 907 908 909
f 910 911 912
f 913 914 915
f 916 917 918
f 919 920 921
f 922 923 924
f 925 926 927
f 928 929 930
f 931 932 933
f 934 935 936
f 937 938 939
f 940 941 942
f 943 944 945
f 946 947 948
f 949 950 951
f 952 953 954
f 955 956 957
f 958 959 960
f 961 962 963
f 964 965 966
f 967 968 969
f 970 971 972
f 973 974 975
f 976 977 978
f 979 980 981
f 982 983 984
f 985 986 987
f 988 989 990
f 991 992 993
f 994 995 996
f 997 998 999
f 1000 1001 1002
f 1003 1004 1005
f 1006 1007 1008
f 1009 1010 1011
f 1012 1013 1014
f 1015 1016 1017
f 1018 1019 1020
f 1021 1022 1023
f 1024 1025 1026
f 1027 1028 1029
f 1030 1031 1032
f 1033 1034 1035
f 1036 1037 1038
f 1039 1040 1041
f 1042 1043 1044
f 1045 1046 1047
f 1048 1049 1050
f 1051 1052 1053
f 1054 1055 1056
f 1057 1058 1059
f 1060 1061 1062
f 1063 1064 1065
f 1066 1067 1068
f 1069 1070 1071
f 1072 1073 1074
f 1075 1076 1077
f 1078 1079 1080
f 1081 1082 1083
f 1084 1085 1086
f 1087 1088 1089
f 1090 1091 1092
f 1093 1094 1095
f 1096 1097 1098
f 1099 1100 1101
f 1102 1103 1104
f 1105 1106 1107
f 1108 1109 1110
f 1111 1112 1113
f 1114 1115 1116
f 1117 1118 1119
f 1120 1121 1122
f 1123 1124 1125
f 1126 1127 1128
f 1129 1130 1131
f 1132 1133 1134
f 1135 1136 1137
f 1138 1139 1140
f 1141 1142 1143
f 1144 1145 1146
f 1147 1148 1149
f 1150 1151 1152
f 1153 1154 1155
f 1156 1157 1158
f 1159 1160 1161
f 1162 1163 1164
f 1165 1166 1167
f 1168 1169 1170
f 1171 1172 1173
f 1174 1175 1176
f 1177 1178 1179
f 1180 1181 1182
f 1183 1184 1185
f 1186 1187 1188
f 1189 1190 1191
f 1192 1193 1194
f 1195 1196 1197
f 1198 1199 1200
f 1201 1202 1203
f 1204 1205 1206
f 1207 1208 1209
f 1210 1211 1212
f 1213 1214 1215
f 1216 1217 1218
f 1219 1220 1221
f 1222 1223 1224
f 1225 1226 1227
f 1228 1229 1230
f 1231 1232 1233
f 1234 1235 1236
f 1237 1238 1239
f 1240 1241 1242
f 1243 1244 1245
f 1246 1247 1248
f 1249 1250 1251
f 1252 1253 1254
f 1255 1256 1257
f 1258 1259 1260
f 1261 1262 1263
f 1264 1265 1266
f 1267 1268 1269
f 1270 1271 1272
f 1273 1274 1275
f 1276 1277 1278
f 1279 1280 1281
f 1282 1283 1284
f 1285 1286 1287
f 1288 1289 1290
f 1291 1292 1293
f 1294 1295 1296
f 1297 1298 1299
f 1300 1301 1302
f 1303 1304 1305
f 1306 1307 1308
f 1309 1310 1311
f 1312 1313 1314
f 1315 1316 1317
f 1318 1319 1320
f 1321 1322 1323
f 1324 1325 1326
f 1327 1328 1329
f 1330 1331 1332
f 1333 1334 1335
f 1336 1337 1338
f 1339 1340 1341
f 1342 1343 1344
f 1345 1346 1347
f 1348 1349 1350
f 1351 1352 1353
f 1354 1355 1356
f 1357 1358 1359
f 1360 1361 1362
f 1363 1364 1365
f 1366 1367 1368
f 1369 1370 1371
f 1372 1373 1374
f 1375 1376 1377
f 1378 1379 1380
f 1381 1382 1383
f 1384 1385 1386
f 1387 1388 1389
f 1390 1391 1392
f 1393 1394 1395
f 1396 1397 1398
f 1399 1400 1401
f 1402 1403 1404
f 1405 1406 1407
f 1408 1409 1410
f 1411 1412 1413
f 1414 1415 1416
f 1417 1418 1419
f 1420 1421 1422
f 1423 1424 1425
f 1426 1427 1428
f 1429 1430 1431
f 1432 1433 1434
f 1435 1436 1437
f 1438 1439 1440
f 1441 1442 1443
f 1444 1445 1446
f 1447 1448 1449
f 1450 1451 1452
f 1453 1454 1455
f 1456 1457 1458
f 1459 1460 1461
f 1462 1463 1464
f 1465 1466 1467
f 1468 1469 1470
f 1471 1472 1473
f 1474 1475 1476
f 1477 1478 1479
f 1480 1481 1482
f 1483 1484 1485
f 1486 1487 1488
f 1489 1490 1491
f 1492 1493 1494
f 1495 1496 1497
f 1498 1499 1500
f 1501 1502 1503
f 1504 1505 1506
f 1507 1508 1509
f 1510 1511 1512
f 1513 1514 1515
f 1516 1517 1518
f 1519 1520 1521
f 1522 1523 1524
f 1525 1526 1527
f 1528 1529 1530
f 1531 1532 1533
f 1534 1535 1536
f 1537 1538 1539
f 1540 1541 1542
f 1543 1544 1545
f 1546 1547 1548
f 1549 1550 1551
f 1552 1553 1554
f 1555 1556 1557
f 1558 1559 1560
f 1561 1562 1563
f 1564 1565 1566
f 1567 1568 1569
f 1570 1571 1572
f 1573 1574 1575
f 1576 1577 1578
f 1579 1580 1581
f 1582 1583 1584
f 1585 1586 1587
f 1588 1589 1590
f 1591 1592 1593
f 1594 1595 1596
f 1597 1598 1599
f 1600 1601 1602
f 1603 1604 1605
f 1606 1607 1608
f 1609 1610 1611
f 1612 1613 1614
f 1615 1616 1617
f 1618 1619 1620
f 1621 1622 1623
f 1624 1625 1626
f 1627 1628 1629
f 1630 1631 1632
f 1633 1634 1635
f 1636 1637 1638
f 1639 1640 1641
f 1642 1643 1644
f 1645 1646 1647
f 1648 1649 1650
f 1651 1652 1653
f 1654 1655 1656
f 1657 1658 1659
f 1660 1661 1662
f 1663 1664 1665
f 1666 1667 1668
f 1669 1670 1671
f 1672 1673 1674
f 1675 1676 1677
f 1678 1679 1680
f 1681 1682 1683
f 1684 1685 1686
f 1687 1688 1689
f 1690 1691 1692
f 1693 1694 1695
f 1696 1697 1698
f 1699 1700 1701
f 1702 1703 1704
f 1705 1706 1707
f 1708 1709 1710
f 1711 1712 1713
f 1714 1715 1716
f 1717 1718 1719
f 1720 1721 1722
f 1723 1724 1725
f 1726 1727 1728
f 1729 1730 1731
f 1732 1733 1734
f 1735 1736 1737
f 1738 1739 1740
f 1741 1742 1743
f 1744 1745 1746
f 1747 1748 1749
f 1750 1751 1752
f 1753 1754 1755
f 1756 1757 1758
f 1759 1760 1761
f 1762 1763 1764
f 1765 1766 1767
f 1768 1769 1770
f 1771 1772 1773
f 1774 1775 1776
f 1777 1778 1779
f 1780 1781 1782
f 1783 1784 1785
f 1786 1787 1788
f 1789 1790 1791
f 1792 1793 1794
f 1795 1796 1797
f 1798 1799 1800
f 1801 1802 1803
f 1804 1805 1806
f 1807 1808 1809
f 1810 1811 1812
f 1813 1814 1815
f 1816 1817 1818
f 1819 1820 1821
f 1822 1823 1824
f 1825 1826 1827
f 1828 1829 1830
f 1831 1832 1833
f 1834 1835 1836
f 1837 1838 1839
f 1840 1841 1842
f 1843 1844 1845
f 1846 1847 1848
f 1849 1850 1851
f 1852 1853 1854
f 1855 1856 1857
f 1858 1859 1860
f 1861 1862 1863
f 1864 1865 1866
f 1867 1868 1869
f 1870 1871 1872
f 1873 1874 1875
f 1876 1877 1878
f 1879 1880 1881
f 1882 1883 1884
f 1885 1886 1887
f 1888 1889 1890
f 1891 1892 1893
f 1894 1895 1896
f 1897 1898 1899
f 1900 1901 1902
f 1903 1904 1905
f 1906 1907 1908
f 1909 1910 1911
f 1912 1913 1914
f 1915 1916 1917
f 1918 1919 1920
f 1921 1922 1923
f 1924 1925 1926
f 1927 1928 1929
f 1930 1931 1932
f 1933 1934 1935
f 1936 1937 1938
f 1939 1940 1941
f 1942 1943 1944
f 1945 1946 1947
f 1948 1949 1950
f 1951 1952 1953
f 1954 1955 1956
f 1957 1958 1959
f 1960 1961 1962
f 1963 1964 1965
f 1966 1967 1968
f 1969 1970 1971
f 1972 1973 1974
f 1975 1976 1977
f 1978 1979 1980
f 1981 1982 1983
f 1984 1985 1986
f 1987 1988 1989
f 1990 1991 1992
f 1993 1994 1995
f 1996 1997 1998
f 1999 2000 2001
f 2002 2003 2004
f 2005 2006 2007
f 2008 2009 2010
f 2011 2012 2013
f 2014 2015 2016
f 2017 2018 2019
f 2020 2021 2022
f 2023 2024 2025
f 2026 2027 2028
f 2029 2030 2031
f 2032 2033 2034
f 2035 2036 2037
f 2038 2039 2040
f 2041 2042 2043
f 2044 2045 2046
f 2047 2048 2049
f 2050 2051 2052
f 2053 2054 2055
f 2056 2057 2058
f 2059 2060 2061
f 2062 2063 2064
f 2065 2066 2067
f 2068 2069 2070
f 2071 2072 2073
f 2074 2075 2076
f 2077 2078 2079
f 2080 2081 2082
f 2083 2084 2085
f 2086 2087 2088
f 2089 2090 2091
f 2092 2093 2094
f 2095 2096 2097
f 2098 2099 2100
f 2101 2102 2103
f 2104 2105 2106
f 2107 2108 2109
f 2110 2111 2112
f 2113 2114 2115
f 2116 2117 2118
f 2119 2120 2121
f 2122 2123 2124
f 2125 2126 2127
f 2128 2129 2130
f 2131 2132 2133
f 2134 2135 2136
f 2137 2138 2139
f 2140 2141 2142
f 2143 2144 2145
f 2146 2147 2148
f 2149 2150 2151
f 2152 2153 2154
f 2155 2156 2157
f 2158 2159 2160
f 2161 2162 2163
f 2164 2165 2166
f 2167 2168 2169
f 2170 2171 2172
f 2173 2174 2175
f 2176 2177 2178
f 2179 2180 2181
f 2182 2183 2184
f 2185 2186 2187
f 2188 2189 2190
f 2191 2192 2193
f 2194 2195 2196
f 2197 2198 2199
f 2200 2201 2202
f 2203 2204 2205
f 2206 2207 2208
f 2209 2210 2211
f 2212 2213 2214
f 2215 2216 2217
f 2218 2219 2220
f 2221 2222 2223
f 2224 2225 2226
f 2227 2228 2229
f 2230 2231 2232
f 2233 2234 2235
f 2236 2237 2238
f 2239 2240 2241
f 2242 2243 2244
f 2245 2246 2247
f 2248 2249 2250
f 2251 2252 2253
f 2254 2255 2256
f 2257 2258 2259
f 2260 2261 2262
f 2263 2264 2265
f 2266 2267 2268
f 2269 2270 2271
f 2272 2273 2274
f 2275 2276 2277
f 2278 2279 2280
f 2281 2282 2283
f 2284 2285 2286
f 2287 2288 2289
f 2290 2291 2292
f 2293 2294 2295
f 2296 2297 2298
f 2299 2300 2301
f 2302 2303 2304
f 2305 2306 2307
f 2308 2309 2310
f 2311 2312 2313
f 2314 2315 2316
f 2317 2318 2319
f 2320 2321 2322
f 2323 2324 2325
f 2326 2327 2328
f 2329 2330 2331
f 2332 2333 2334
f 2335 2336 2337
f 2338 2339 2340
f 2341 2342 2343
f 2344 2345 2346
f 2347 2348 2349
f 2350 2351 2352
f 2353 2354 2355
f 2356 2357 2358
f 2359 2360 2361
f 2362 2363 2364
f 2365 2366 2367
f 2368 2369 2370
f 2371 2372 2373
f 2374 2375 2376
f 2377 2378 2379
f 2380 2381 2382
f 2383 2384 2385
f 2386 2387 2388
f 2389 2390 2391
f 2392 2393 2394
f 2395 2396 2397
f 2398 2399 2400
f 2401 2402 2403
f 2404 2405 2406
f 2407 2408 2409
f 2410 2411 2412
f 2413 2414 2415
f 2416 2417 2418
f 2419 2420 2421
f 2422 2423 2424
f 2425 2426 2427
f 2428 2429 2430
f 2431 2432 2433
f 2434 2435 2436
f 2437 2438 2439
f 2440 2441 2442
f 2443 2444 2445
f 2446 2447 2448
f 2449 2450 2451
f 2452 2453 2454
f 2455 2456 2457
f 2458 2459 2460
f 2461 2462 2463
f 2464 2465 2466
f 2467 2468 2469
f 2470 2471 2472
f 2473 2474 2475
f 2476 2477 2478
f 2479 2480 2481
f 2482 2483 2484
f 2485 2486 2487
f 2488 2489 2490
f 2491 2492 2493
f 2494 2495 2496
f 2497 2498 2499
f 2500 2501 2502
f 2503 2504 2505
f 2506 2507 2508
f 2509 2510 2511
f 2512 2513 2514
f 2515 2516 2517
f 2518 2519 2520
f 2521 2522 2523
f 2524 2525 2526
f 2527 2528 2529
f 2530 2531 2532
f 2533 2534 2535
f 2536 2537 2538
f 2539 2540 2541
f 2542 2543 2544
f 2545 2546 2547
f 2548 2549 2550
f 2551 2552 2553
f 2554 2555 2556
f 2557 2558 2559
f 2560 2561 2562
f 2563 2564 2565
f 2566 2567 2568
f 2569 2570 2571
f 2572 2573 2574
f 2575 2576 2577
f 2578 2579 2580
f 2581 2582 2583
f 2584 2585 2586
f 2587 2588 2589
f 2590 2591 2592
f 2593 2594 2595
f 2596 2597 2598
f 2599 2600 2601
f 2602 2603 2604
f 2605 2606 2607
f 2608 2609 2610
f 2611 2612 2613
f 2614 2615 2616
f 2617 2618 2619
f 2620 2621 2622
f 2623 2624 2625
f 2626 2627 2628
f 2629 2630 2631
f 2632 2633 2634
f 2635 2636 2637
f 2638 2639 2640
f 2641 2642 2643
f 2644 2645 2646
f 2647 2648 2649
f 2650 2651 2652
f 2653 2654 2655
f 2656 2657 2658
f 2659 2660 2661
f 2662 2663 2664
f 2665 2666 2667
f 2668 2669 2670
f 2671 2672 2673
f 2674 2675 2676
f 2677 2678 2679
f 2680 2681 2682
f 2683 2684 2685
f 2686 2687 2688
f 2689 2690 2691
f 2692 2693 2694
f 2695 2696 2697
f 2698 2699 2700
f 2701 2702 2703
f 2704 2705 2706
f 2707 2708 2709
f 2710 2711 2712
f 2713 2714 2715
f 2716 2717 2718
f 2719 2720 2721
f 2722 2723 2724
f 2725 2726 2727
f 2728 2729 2730
f 2731 2732 2733
f 2734 2735 2736
f 2737 2738 2739
f 2740 2741 2742
f 2743 2744 2745
f 2746 2747 2748
f 2749 2750 2751
f 2752 2753 2754
f 2755 2756 2757
f 2758 2759 2760
f 2761 2762 2763
f 2764 2765 2766
f 2767 2768 2769
f 2770 2771 2772
f 2773 2774 2775
f 2776 2777 2778
f 2779 2780 2781
f 2782 2783 2784
f 2785 2786 2787
f 2788 2789 2790
f 2791 2792 2793
f 2794 2795 2796
f 2797 2798 2799
f 2800 2801 2802
f 2803 2804 2805
f 2806 2807 2808
f 2809 2810 2811
f 2812 2813 2814
f 2815 2816 2817
f 2818 2819 2820
f 2821 2822 2823
f 2824 2825 2826
f 2827 2828 2829
f 2830 2831 2832
f 2833 2834 2835
f 2836 2837 2838
f 2839 2840 2841
f 2842 2843 2844
f 2845 2846 2847
f 2848 2849 2850
f 2851 2852 2853
f 2854 2855 2856
f 2857 2858 2859
f 2860 2861 2862
f 2863 2864 2865
f 2866 2867 2868
f 2869 2870 2871
f 2872 2873 2874
f 2875 2876 2877
f 2878 2879 2880
f 2881 2882 2883
f 2884 2885 2886
f 2887 2888 2889
f 2890 2891 2892
f 2893 2894 2895
f 2896 2897 2898
f 2899 2900 2901
f 2902 2903 2904
f 2905 2906 2907
f 2908 2909 2910
f 2911 2912 2913
f 2914 2915 2916
f 2917 2918 2919
f 2920 2921 2922
f 2923 2924 2925
f 2926 2927 2928
f 2929 2930 2931
f 2932 2933 2934
f 2935 2936 2937
f 2938 2939 2940
f 2941 2942 2943
f 2944 2945 2946
f 2947 2948 2949
f 2950 2951 2952
f 2953 2954 2955
f 2956 2957 2958
f 2959 2960 2961
f 2962 2963 2964
f 2965 2966 2967
f 2968 2969 2970
f 2971 2972 2973
f 2974 2975 2976
f 2977 2978 2979
f 2980 2981 2982
f 2983 2984 2985
f 2986 2987 2988
f 2989 2990 2991
f 2992 2993 2994
f 2995 2996 2997
f 2998 2999 3000
f 3001 3002 3003
f 3004 3005 3006
f 3007 3008 3009
f 3010 3011 3012
f 3013 3014 3015
f 3016 3017 3018
f 3019 3020 3021
f 3022 3023 3024
f 3025 3026 3027
f 3028 3029 3030
f 3031 3032 3033
f 3034 3035 3036
f 3037 3038 3039
f 3040 3041 3042
f 3043 3044 3045
f 3046 3047 3048
f 3049 3050 3051
f 3052 3053 3054
f 3055 3056 3057
f 3058 3059 3060
f 3061 3062 3063
f 3064 3065 3066
f 3067 3068 3069
f 3070 3071 3072
f 3073 3074 3075
f 3076 3077 3078
f 3079 3080 3081
f 3082 3083 3084
f 3085 3086 3087
f 3088 3089 3090
f 3091 3092 3093
f 3094 3095 3096
f 3097 3098 3099
f 3100 3101 3102
f 3103 3104 3105
f 3106 3107 3108
f 3109 3110 3111
f 3112 3113 3114
f 3115 3116 3117
f 3118 3119 3120
f 3121 3122 3123
f 3124 3125 3126
f 3127 3128 3129
f 3130 3131 3132
f 3133 3134 3135
f 3136 3137 3138
f 3139 3140 3141
f 3142 3143 3144
f 3145 3146 3147
f 3148 3149 3150
f 3151 3152 3153
f 3154 3155 3156
f 3157 3158 3159
f 3160 3161 3162
f 3163 3164 3165
f 3166 3167 3168
f 3169 3170 3171
f 3172 3173 3174
f 3175 3176 3177
f 3178 3179 3180
f 3181 3182 3183
f 3184 3185 3186
f 3187 3188 3189
f 3190 3191 3192
f 3193 3194 3195
f 3196 3197 3198
f 3199 3200 3201
f 3202 3203 3204
f 3205 3206 3207
f 3208 3209 3210
f 3211 3212 3213
f 3214 3215 3216
f 3217 3218 3219
f 3220 3221 3222
f 3223 3224 3225
f 3226 3227 3228
f 3229 3230 3231
f 3232 3233 3234
f 3235 3236 3237
f 3238 3239 3240
f 3241 3242 3243
f 3244 3245 3246
f 3247 3248 3249
f 3250 3251 3252
f 3253 3254 3255
f 3256 3257 3258
f 3259 3260 3261
f 3262 3263 3264
f 3265 3266 3267
f 3268 3269 3270
f 3271 3272 3273
f 3274 3275 3276
f 3277 3278 3279
f 3280 3281 3282
f 3283 3284 3285
f 3286 3287 3288
f 3289 3290 3291
f 3292 3293 3294
f 3295 3296 3297
f 3298 3299 3300
f 3301 3302 3303
f 3304 3305 3306
f 3307 3308 3309
f 3310 3311 3312
f 3313 3314 3315
f 3316 3317 3318
f 3319 3320 3321
f 3322 3323 3324
f 3325 3326 3327
f 3328 3329 3330
f 3331 3332 3333
f 3334 3335 3336
f 3337 3338 3339
f 3340 3341 3342
f 3343 3344 3345
f 3346 3347 3348
f 3349 3350 3351
f 3352 3353 3354
f 3355 3356 3357
f 3358 3359 3360
f 3361 3362 3363
